voz	fichero	idioma	texto	dónde suena
instructor	instructor/vuelo.solo-vuelta.ogg	es-PY	Desde acá, vuelta al campo	lo que toca hacer ahora, en vuelo y en tierra
instructor	instructor/vuelo.estacionado.ogg	es-PY	Arrancá el motor	lo que toca hacer ahora, en vuelo y en tierra
instructor	instructor/vuelo.arrancando.ogg	es-PY	Soltá el freno y andá despacito	lo que toca hacer ahora, en vuelo y en tierra
instructor	instructor/vuelo.rodando.ogg	es-PY	Seguí la raya verde	lo que toca hacer ahora, en vuelo y en tierra
instructor	instructor/vuelo.esperando.ogg	es-PY	Pará del todo y esperá la luz	lo que toca hacer ahora, en vuelo y en tierra
instructor	instructor/vuelo.esperaQueAterrice.ogg	es-PY	Esperamos: viene un avión a aterrizar	lo que toca hacer ahora, en vuelo y en tierra
instructor	instructor/vuelo.esperaQueDespegue.ogg	es-PY	Esperamos: primero sale el avión que está en la pista	lo que toca hacer ahora, en vuelo y en tierra
instructor	instructor/vuelo.autorizado.ogg	es-PY	¡Luz verde! Entrá a la pista	lo que toca hacer ahora, en vuelo y en tierra
instructor	instructor/vuelo.esperandoMirando.ogg	es-PY	Pará y mirá: la manga, los animales y la pista	lo que toca hacer ahora, en vuelo y en tierra
instructor	instructor/vuelo.autorizadoSinTorre.ogg	es-PY	Todo libre: entrá a la pista	lo que toca hacer ahora, en vuelo y en tierra
instructor	instructor/vuelo.esperandoAfis.ogg	es-PY	Pará y escuchá: acá nadie te da permiso. La radio te dice si viene alguien, y decidís vos	lo que toca hacer ahora, en vuelo y en tierra
instructor	instructor/vuelo.autorizadoAfis.ogg	es-PY	La pista está libre: entrá cuando estés listo	lo que toca hacer ahora, en vuelo y en tierra
instructor	instructor/vuelo.backTaxi.ogg	es-PY	Andá hasta el fondo y dá la vuelta	lo que toca hacer ahora, en vuelo y en tierra
instructor	instructor/vuelo.alineando.ogg	es-PY	Ponete derechito en el eje	lo que toca hacer ahora, en vuelo y en tierra
instructor	instructor/vuelo.minimos.ogg	es-PY	Mirá la pista: ¿la ves?	lo que toca hacer ahora, en vuelo y en tierra
instructor	instructor/vuelo.noEstabilizada.ogg	es-PY	Así no: andate y volvé a intentarlo	lo que toca hacer ahora, en vuelo y en tierra
instructor	instructor/vuelo.noEstabilizada~2.ogg	es-PY	Venís mal para bajar: gas y al aire, lo probamos otra vez	lo que toca hacer ahora, en vuelo y en tierra · otra forma de decirlo
instructor	instructor/vuelo.noEstabilizada~3.ogg	es-PY	Dejá el aterrizaje. Gas, subí, y volvemos a intentarlo	lo que toca hacer ahora, en vuelo y en tierra · otra forma de decirlo
instructor	instructor/vuelo.proponeIrse.ogg	es-PY	Así no viene bien. Si querés, nos vamos al aire y la volvemos a intentar	lo que toca hacer ahora, en vuelo y en tierra
instructor	instructor/vuelo.proponeIrseSinPista.ogg	es-PY	Lo seguro es irnos al aire y volver a intentarlo	lo que toca hacer ahora, en vuelo y en tierra
instructor	instructor/vuelo.tomaLarga.ogg	es-PY	Así no: nos vamos al aire y lo volvemos a intentar	lo que toca hacer ahora, en vuelo y en tierra
instructor	instructor/vuelo.tomaLargaSinPista.ogg	es-PY	No nos da la pista para parar: nos vamos al aire y lo volvemos a intentar	lo que toca hacer ahora, en vuelo y en tierra
instructor	instructor/vuelo.aterrizasteContraLaOrden.ogg	es-PY	La torre nos había mandado al aire. Cuando la torre manda irse, uno se va: ella ve lo que nosotros desde acá no vemos	lo que toca hacer ahora, en vuelo y en tierra
instructor	instructor/vuelo.rotar.ogg	es-PY	Tirá para arriba	lo que toca hacer ahora, en vuelo y en tierra
instructor	instructor/vuelo.comprometido.ogg	es-PY	Ya despegamos: seguí	lo que toca hacer ahora, en vuelo y en tierra
instructor	instructor/vuelo.despegando.ogg	es-PY	Motor a fondo	lo que toca hacer ahora, en vuelo y en tierra
instructor	instructor/vuelo.enVuelo.ogg	es-PY	Andá a dar una vuelta	lo que toca hacer ahora, en vuelo y en tierra
instructor	instructor/vuelo.enVueloAterrizando.ogg	es-PY	Andá a la pista	lo que toca hacer ahora, en vuelo y en tierra
instructor	instructor/vuelo.enVueloDestino.ogg	es-PY	Seguí la flecha: vamos al otro aeropuerto	lo que toca hacer ahora, en vuelo y en tierra
instructor	instructor/vuelo.final.ogg	es-PY	Bajá suavecito	lo que toca hacer ahora, en vuelo y en tierra
instructor	instructor/vuelo.terrenoBajo.ogg	es-PY	Vas muy bajo: subí un poco	lo que toca hacer ahora, en vuelo y en tierra
instructor	instructor/vuelo.terrenoSube.ogg	es-PY	El suelo está cerca: subí	lo que toca hacer ahora, en vuelo y en tierra
instructor	instructor/vuelo.perdida.ogg	es-PY	Pérdida. Bajá el morro	lo que toca hacer ahora, en vuelo y en tierra
instructor	instructor/vuelo.trafico.delante.ogg	es-PY	Mirá adelante: hay otro avión cerca	lo que toca hacer ahora, en vuelo y en tierra
instructor	instructor/vuelo.trafico.izquierda.ogg	es-PY	Mirá a tu izquierda: hay otro avión cerca	lo que toca hacer ahora, en vuelo y en tierra
instructor	instructor/vuelo.trafico.derecha.ogg	es-PY	Mirá a tu derecha: hay otro avión cerca	lo que toca hacer ahora, en vuelo y en tierra
instructor	instructor/vuelo.trafico.detras.ogg	es-PY	Hay otro avión cerca, detrás de vos	lo que toca hacer ahora, en vuelo y en tierra
instructor	instructor/vuelo.traficoArriba.ogg	es-PY	Ese rombo de la pantalla es otro avión. Va más alto que nosotros: no nos molesta	lo que toca hacer ahora, en vuelo y en tierra
instructor	instructor/vuelo.traficoAbajo.ogg	es-PY	Ese rombo de la pantalla es otro avión. Va más bajo que nosotros: no nos molesta	lo que toca hacer ahora, en vuelo y en tierra
instructor	instructor/vuelo.traficoNivel.ogg	es-PY	Ese rombo de la pantalla es otro avión. Va a nuestra altura, pero lejos: lo vamos mirando	lo que toca hacer ahora, en vuelo y en tierra
instructor	instructor/vuelo.otroAvion.delante.arriba.ogg	es-PY	Adelante y más arriba va otro avión. ¿Lo ves?	lo que toca hacer ahora, en vuelo y en tierra
instructor	instructor/vuelo.otroAvion.delante.nivel.ogg	es-PY	Adelante, a nuestra altura, va otro avión. ¿Lo ves?	lo que toca hacer ahora, en vuelo y en tierra
instructor	instructor/vuelo.otroAvion.delante.abajo.ogg	es-PY	Adelante y más abajo va otro avión. ¿Lo ves?	lo que toca hacer ahora, en vuelo y en tierra
instructor	instructor/vuelo.otroAvion.derecha.arriba.ogg	es-PY	Arriba a la derecha va otro avión. ¿Lo ves?	lo que toca hacer ahora, en vuelo y en tierra
instructor	instructor/vuelo.otroAvion.derecha.nivel.ogg	es-PY	A la derecha, a nuestra altura, va otro avión. ¿Lo ves?	lo que toca hacer ahora, en vuelo y en tierra
instructor	instructor/vuelo.otroAvion.derecha.abajo.ogg	es-PY	Abajo a la derecha va otro avión. ¿Lo ves?	lo que toca hacer ahora, en vuelo y en tierra
instructor	instructor/vuelo.otroAvion.izquierda.arriba.ogg	es-PY	Arriba a la izquierda va otro avión. ¿Lo ves?	lo que toca hacer ahora, en vuelo y en tierra
instructor	instructor/vuelo.otroAvion.izquierda.nivel.ogg	es-PY	A la izquierda, a nuestra altura, va otro avión. ¿Lo ves?	lo que toca hacer ahora, en vuelo y en tierra
instructor	instructor/vuelo.otroAvion.izquierda.abajo.ogg	es-PY	Abajo a la izquierda va otro avión. ¿Lo ves?	lo que toca hacer ahora, en vuelo y en tierra
instructor	instructor/vuelo.otroAvion.detras.arriba.ogg	es-PY	Detrás de nosotros, más arriba, va otro avión. No hace falta hacer nada	lo que toca hacer ahora, en vuelo y en tierra
instructor	instructor/vuelo.otroAvion.detras.nivel.ogg	es-PY	Detrás de nosotros, a nuestra altura, va otro avión. No hace falta hacer nada	lo que toca hacer ahora, en vuelo y en tierra
instructor	instructor/vuelo.otroAvion.detras.abajo.ogg	es-PY	Detrás de nosotros, más abajo, va otro avión. No hace falta hacer nada	lo que toca hacer ahora, en vuelo y en tierra
instructor	instructor/vuelo.aves.porQueSubir.ogg	es-PY	La torre avisa que hay pájaros en la final. Si ves alguno de frente, subí un poquito: cuando se asustan, los pájaros se tiran para abajo	lo que toca hacer ahora, en vuelo y en tierra
instructor	instructor/vuelo.aves.enUve.ogg	es-PY	¡Mirá, pájaros volando en V! Cada uno va en el aire que sube junto a la punta del ala del de adelante. Los aviones hacemos al revés: ese remolino lo esquivamos	lo que toca hacer ahora, en vuelo y en tierra
instructor	instructor/vuelo.bajasRapido.ogg	es-PY	Bajás muy de golpe: levantá un poco la nariz	lo que toca hacer ahora, en vuelo y en tierra
instructor	instructor/vuelo.muyInclinado.ogg	es-PY	Estás muy inclinado: enderezá las alas	lo que toca hacer ahora, en vuelo y en tierra
instructor	instructor/vuelo.pilotoSuelto.ogg	es-PY	Se soltó el piloto automático	lo que toca hacer ahora, en vuelo y en tierra
instructor	instructor/vuelo.pilotoEnTierra.ogg	es-PY	El piloto automático se conecta en el aire	lo que toca hacer ahora, en vuelo y en tierra
instructor	instructor/vuelo.empezamosABajar.ogg	es-PY	Empezamos a bajar: despacito, hasta la pista	lo que toca hacer ahora, en vuelo y en tierra
instructor	instructor/vuelo.alturaDeLaTorre.ogg	es-PY	La torre nos dio hasta dónde subir. La puse en la ventanilla de la altura, en magenta: subimos hasta ahí y nos quedamos.	lo que toca hacer ahora, en vuelo y en tierra
instructor	instructor/vuelo.alturaDeLaTorreRaya.ogg	es-PY	La torre nos dice hasta dónde subir: hasta la raya de la cinta.	lo que toca hacer ahora, en vuelo y en tierra
instructor	instructor/vuelo.otraAlturaDeLaTorre.ogg	es-PY	La torre nos deja subir otro poco. Ya puse la altura nueva.	lo que toca hacer ahora, en vuelo y en tierra
instructor	instructor/vuelo.tonoDeAltitudCerca.ogg	es-PY	Ese tono avisa que ya casi llegamos a la altura de la ventanilla. Ahí se nivela.	lo que toca hacer ahora, en vuelo y en tierra
instructor	instructor/vuelo.tonoDeAltitudFuera.ogg	es-PY	Ese tono avisa que nos fuimos de la altura de la ventanilla. Volvé despacito.	lo que toca hacer ahora, en vuelo y en tierra
instructor	instructor/vuelo.masAltoQueElPlan.ogg	es-PY	Vamos más alto que el plan: hay más para bajar, así que vamos a empezar a bajar antes.	lo que toca hacer ahora, en vuelo y en tierra
instructor	instructor/vuelo.mandanFrustrar.ogg	es-PY	Pista ocupada. Subí y volvé por el circuito	lo que toca hacer ahora, en vuelo y en tierra
instructor	instructor/vuelo.mandanFrustrar~2.ogg	es-PY	¡Hay alguien en la pista! Gas, subí y dejá el aterrizaje	lo que toca hacer ahora, en vuelo y en tierra · otra forma de decirlo
instructor	instructor/vuelo.mandanFrustrar~3.ogg	es-PY	No podés bajar: metele gas y volvé a subir	lo que toca hacer ahora, en vuelo y en tierra · otra forma de decirlo
instructor	instructor/vuelo.sinPermisoEnLosMinimos.ogg	es-PY	La torre no te dio permiso para aterrizar. Sin permiso no se aterriza: subí y volvé por el circuito	lo que toca hacer ahora, en vuelo y en tierra
instructor	instructor/vuelo.puedeVolver.ogg	es-PY	La torre te deja volver a intentarlo	lo que toca hacer ahora, en vuelo y en tierra
instructor	instructor/vuelo.puedeVolver~2.ogg	es-PY	La pista quedó libre: podés volver a bajar	lo que toca hacer ahora, en vuelo y en tierra · otra forma de decirlo
instructor	instructor/vuelo.puedeVolverSinTorre.ogg	es-PY	La pista ya está libre: volvé a intentarlo	lo que toca hacer ahora, en vuelo y en tierra
instructor	instructor/vuelo.puedeAterrizar.ogg	es-PY	La torre te deja aterrizar	lo que toca hacer ahora, en vuelo y en tierra
instructor	instructor/vuelo.puedeAterrizarSinTorre.ogg	es-PY	Ahora sí: podés aterrizar	lo que toca hacer ahora, en vuelo y en tierra
instructor	instructor/vuelo.puedeAterrizarAfis.ogg	es-PY	La pista está libre: si venís bien, aterrizá	lo que toca hacer ahora, en vuelo y en tierra
instructor	instructor/vuelo.frustrada.ogg	es-PY	¡Bien hecho! Te fuiste al aire. Probá de nuevo	lo que toca hacer ahora, en vuelo y en tierra
instructor	instructor/vuelo.frustrada~2.ogg	es-PY	Muy bien: irse al aire también es volar bien	lo que toca hacer ahora, en vuelo y en tierra · otra forma de decirlo
instructor	instructor/vuelo.frustrada~3.ogg	es-PY	Eso estuvo bien. Damos otra vuelta y volvemos	lo que toca hacer ahora, en vuelo y en tierra · otra forma de decirlo
instructor	instructor/vuelo.aroAlto.ogg	es-PY	Venís un poco alto. Bajá suave	lo que toca hacer ahora, en vuelo y en tierra
instructor	instructor/vuelo.aroAlto~2.ogg	es-PY	Venís un poco alto. Bajá el morro despacito	lo que toca hacer ahora, en vuelo y en tierra · otra forma de decirlo
instructor	instructor/vuelo.aroAlto~3.ogg	es-PY	Estás por encima. Soltá un poquito y vas a ir entrando	lo que toca hacer ahora, en vuelo y en tierra · otra forma de decirlo
instructor	instructor/vuelo.aroAlto~4.ogg	es-PY	Un poco alto para la pista: bajá suave	lo que toca hacer ahora, en vuelo y en tierra · otra forma de decirlo
instructor	instructor/vuelo.aroBajo.ogg	es-PY	Venís un poco bajo. Subí suave	lo que toca hacer ahora, en vuelo y en tierra
instructor	instructor/vuelo.aroBajo~2.ogg	es-PY	Venís bajo. Tirá un poquito y un toque de motor	lo que toca hacer ahora, en vuelo y en tierra · otra forma de decirlo
instructor	instructor/vuelo.aroBajo~3.ogg	es-PY	Estás por debajo: subí despacio, sin pasarte	lo que toca hacer ahora, en vuelo y en tierra · otra forma de decirlo
instructor	instructor/vuelo.aroBajo~4.ogg	es-PY	Un poco bajo para la pista: levantá suave	lo que toca hacer ahora, en vuelo y en tierra · otra forma de decirlo
instructor	instructor/vuelo.corregido.ogg	es-PY	¡Eso es! Así venís bien	lo que toca hacer ahora, en vuelo y en tierra
instructor	instructor/vuelo.corregido~2.ogg	es-PY	Muy bien, así venís	lo que toca hacer ahora, en vuelo y en tierra · otra forma de decirlo
instructor	instructor/vuelo.corregido~3.ogg	es-PY	Eso. Ahora entrás derechito	lo que toca hacer ahora, en vuelo y en tierra · otra forma de decirlo
instructor	instructor/vuelo.corregido~4.ogg	es-PY	Perfecto, quedate así	lo que toca hacer ahora, en vuelo y en tierra · otra forma de decirlo
instructor	instructor/vuelo.papiAlto.ogg	es-PY	Luces blancas: vas alto, bajá	lo que toca hacer ahora, en vuelo y en tierra
instructor	instructor/vuelo.lentoYBajo.ogg	es-PY	Venís lento: metéle gas	lo que toca hacer ahora, en vuelo y en tierra
instructor	instructor/vuelo.papiBajo.ogg	es-PY	Luces rojas: vas bajo, subí	lo que toca hacer ahora, en vuelo y en tierra
instructor	instructor/vuelo.papiBien.ogg	es-PY	Dos rojas y dos blancas: vas bien	lo que toca hacer ahora, en vuelo y en tierra
instructor	instructor/vuelo.consejo.masGas.ogg	es-PY	Un poquito más de gas, hasta la marca rosa. La nariz, quieta.	lo que toca hacer ahora, en vuelo y en tierra
instructor	instructor/vuelo.consejo.menosGas.ogg	es-PY	Un poquito menos de gas, hasta la marca rosa.	lo que toca hacer ahora, en vuelo y en tierra
instructor	instructor/vuelo.consejo.narizAbajoPapi.ogg	es-PY	Nariz un poquito abajo, hasta ver dos blancas y dos rojas.	lo que toca hacer ahora, en vuelo y en tierra
instructor	instructor/vuelo.consejo.narizArribaPapi.ogg	es-PY	Nariz un poquito arriba, hasta ver dos blancas y dos rojas.	lo que toca hacer ahora, en vuelo y en tierra
instructor	instructor/vuelo.consejo.narizAbajoSenda.ogg	es-PY	Nariz un poquito abajo, hasta que el rombo quede en el medio.	lo que toca hacer ahora, en vuelo y en tierra
instructor	instructor/vuelo.consejo.narizArribaSenda.ogg	es-PY	Nariz un poquito arriba, hasta que el rombo quede en el medio.	lo que toca hacer ahora, en vuelo y en tierra
instructor	instructor/vuelo.consejo.narizArribaRitmo.ogg	es-PY	Nariz un poquito arriba: bajamos más suave, hasta la marca rosa del variómetro.	lo que toca hacer ahora, en vuelo y en tierra
instructor	instructor/vuelo.consejo.narizArribaSuave.ogg	es-PY	Nariz un poquito arriba, para bajar más suave.	lo que toca hacer ahora, en vuelo y en tierra
instructor	instructor/vuelo.consejo.aerofrenos.ogg	es-PY	Sacá un poco los aerofrenos, hasta la marca rosa.	lo que toca hacer ahora, en vuelo y en tierra
instructor	instructor/vuelo.consejo.nivelarPerfil.ogg	es-PY	Vamos un poco por debajo del perfil: bajá más suave, o nivelá un momento, hasta que el rombo llegue al medio.	lo que toca hacer ahora, en vuelo y en tierra
instructor	instructor/vuelo.consejo.narizAbajoPerfil.ogg	es-PY	Vamos por encima del perfil: la nariz un poquito abajo, hasta que el rombo llegue al medio.	lo que toca hacer ahora, en vuelo y en tierra
instructor	instructor/vuelo.consejo.aerofrenosPerfil.ogg	es-PY	Vamos por encima del perfil y el avión ya baja todo lo que puede: sacá los aerofrenos, hasta que el rombo llegue al medio.	lo que toca hacer ahora, en vuelo y en tierra
instructor	instructor/vuelo.consejo.masGasPerfil.ogg	es-PY	Vamos un poco por debajo del perfil: un toque de gas, para bajar más suave, hasta que el rombo llegue al medio.	lo que toca hacer ahora, en vuelo y en tierra
instructor	instructor/vuelo.consejo.menosGasPerfil.ogg	es-PY	Vamos por encima del perfil: un poquito menos de gas, para bajar más, hasta que el rombo llegue al medio.	lo que toca hacer ahora, en vuelo y en tierra
instructor	instructor/vuelo.consejo.masGasPapi.ogg	es-PY	Un poco bajo para la pista: un toque de gas, la nariz quieta, hasta ver dos blancas y dos rojas.	lo que toca hacer ahora, en vuelo y en tierra
instructor	instructor/vuelo.consejo.masGasSenda.ogg	es-PY	Un poco bajo: un toque de gas, la nariz quieta, hasta que el rombo quede en el medio.	lo que toca hacer ahora, en vuelo y en tierra
instructor	instructor/vuelo.consejo.menosGasPapi.ogg	es-PY	Un poco alto para la pista: un poquito menos de gas, la nariz quieta, hasta ver dos blancas y dos rojas.	lo que toca hacer ahora, en vuelo y en tierra
instructor	instructor/vuelo.consejo.menosGasSenda.ogg	es-PY	Un poco alto: un poquito menos de gas, la nariz quieta, hasta que el rombo quede en el medio.	lo que toca hacer ahora, en vuelo y en tierra
instructor	instructor/vuelo.consejo.masGasSuave.ogg	es-PY	Bajamos muy de golpe: un toque de gas, para bajar más suave.	lo que toca hacer ahora, en vuelo y en tierra
instructor	instructor/vuelo.consejo.narizAbajoMarca.ogg	es-PY	Vamos lentos: la nariz un pelín abajo, hasta la marca rosa.	lo que toca hacer ahora, en vuelo y en tierra
instructor	instructor/vuelo.consejo.narizArribaMarca.ogg	es-PY	Vamos rápidos: la nariz un pelín arriba, hasta la marca rosa.	lo que toca hacer ahora, en vuelo y en tierra
instructor	instructor/vuelo.paso.subir.ogg	es-PY	Subimos hasta la raya de la altura, a la velocidad de la marca rosa.	lo que toca hacer ahora, en vuelo y en tierra
instructor	instructor/vuelo.paso.acelerarGas.ogg	es-PY	Ya podemos ir más rápido: más gas, hasta la marca rosa.	lo que toca hacer ahora, en vuelo y en tierra
instructor	instructor/vuelo.paso.acelerarNariz.ogg	es-PY	Ya podemos ir más rápido: la nariz un poquito abajo, hasta la marca rosa.	lo que toca hacer ahora, en vuelo y en tierra
instructor	instructor/vuelo.paso.frenarGas.ogg	es-PY	Ahora vamos más despacio: menos gas, hasta la marca rosa.	lo que toca hacer ahora, en vuelo y en tierra
instructor	instructor/vuelo.paso.frenarAerofrenos.ogg	es-PY	Ahora vamos más despacio: un poco de aerofrenos, hasta la marca rosa.	lo que toca hacer ahora, en vuelo y en tierra
instructor	instructor/vuelo.paso.frenarNariz.ogg	es-PY	Ahora vamos más despacio: la nariz un poquito arriba, que así frenamos, hasta la marca rosa.	lo que toca hacer ahora, en vuelo y en tierra
instructor	instructor/vuelo.paso.mantener.ogg	es-PY	La marca rosa cambió y ya vamos a esa velocidad: seguimos así.	lo que toca hacer ahora, en vuelo y en tierra
instructor	instructor/vuelo.paso.marcaDelAutomatico.ogg	es-PY	La marca rosa cambió: el automático lleva el motor hasta ella. Mirá cómo se mueve la palanca.	lo que toca hacer ahora, en vuelo y en tierra
instructor	instructor/vuelo.paso.crucero.ogg	es-PY	Ya estamos arriba: gas de crucero, hasta la marca del motor. Así vamos a la marca rosa.	lo que toca hacer ahora, en vuelo y en tierra
instructor	instructor/vuelo.paso.cruceroConAutomatico.ogg	es-PY	Ya estamos arriba: gas de crucero, hasta la marca del motor. Y si querés, poné el piloto automático: es el botón que late.	lo que toca hacer ahora, en vuelo y en tierra
instructor	instructor/vuelo.paso.cruceroConGases.ogg	es-PY	Ya estamos arriba. El automático pone el gas de crucero: mirá cómo la palanca va sola a la marca del motor.	lo que toca hacer ahora, en vuelo y en tierra
instructor	instructor/vuelo.paso.bajar.ogg	es-PY	Empezamos a bajar: menos gas, y bajamos despacito hasta la raya de la altura.	lo que toca hacer ahora, en vuelo y en tierra
instructor	instructor/vuelo.paso.bajarConAutomatico.ogg	es-PY	Empezamos a bajar. El automático baja por la senda hasta la raya de la altura: vos mirá que la velocidad siga en la marca rosa.	lo que toca hacer ahora, en vuelo y en tierra
instructor	instructor/vuelo.paso.nivelar.ogg	es-PY	Llegamos a la raya: nos quedamos acá, nivelados, hasta que la senda nos venga a buscar.	lo que toca hacer ahora, en vuelo y en tierra
instructor	instructor/vuelo.paso.flaps1.ogg	es-PY	Los primeros flaps, una muesca, y a la marca rosa.	lo que toca hacer ahora, en vuelo y en tierra
instructor	instructor/vuelo.paso.flaps2.ogg	es-PY	Otra muesca de flaps, y a la marca rosa.	lo que toca hacer ahora, en vuelo y en tierra
instructor	instructor/vuelo.paso.flaps3.ogg	es-PY	Los flaps de aterrizar, abajo del todo, y a la marca rosa.	lo que toca hacer ahora, en vuelo y en tierra
instructor	instructor/vuelo.paso.tren.ogg	es-PY	Sacá el tren, que ya vamos a aterrizar.	lo que toca hacer ahora, en vuelo y en tierra
instructor	instructor/vuelo.paso.recogerAerofrenos.ogg	es-PY	Ya vamos a la marca rosa: aerofrenos adentro.	lo que toca hacer ahora, en vuelo y en tierra
instructor	instructor/vuelo.paso.senda.ogg	es-PY	Ya estamos en la final: la nariz por la senda, y la velocidad en la marca rosa.	lo que toca hacer ahora, en vuelo y en tierra
instructor	instructor/vuelo.paso.sendaConGases.ogg	es-PY	Ya estamos en la final. El avión lleva el motor a la marca rosa: vos llevá la nariz por la senda.	lo que toca hacer ahora, en vuelo y en tierra
instructor	instructor/vuelo.paso.sendaConAyuda.ogg	es-PY	Ya estamos en la final. Yo te llevo el motor a la marca rosa: vos llevá la nariz por la senda.	lo que toca hacer ahora, en vuelo y en tierra
instructor	instructor/vuelo.paso.gasTuyo.ogg	es-PY	Tocaste el motor: ahora la velocidad la llevás vos, hasta la marca rosa.	lo que toca hacer ahora, en vuelo y en tierra
instructor	instructor/vuelo.paso.cotaAlMar.ogg	es-PY	La pista a la que vamos está casi a nivel del mar: lo que marca el altímetro es casi todo lo que nos queda por bajar.	lo que toca hacer ahora, en vuelo y en tierra
instructor	instructor/vuelo.paso.cotaEnAlto.ogg	es-PY	La pista a la que vamos está más alta que el mar: lo que nos queda por bajar es lo que marca el altímetro menos la cifra de la pista, la de abajo de la cinta.	lo que toca hacer ahora, en vuelo y en tierra
instructor	instructor/vuelo.bulto.ogg	es-PY	Por ahí no se pasa: hay un edificio	lo que toca hacer ahora, en vuelo y en tierra
instructor	instructor/vuelo.aterrizado.ogg	es-PY	Frená	lo que toca hacer ahora, en vuelo y en tierra
instructor	instructor/vuelo.abandonando.ogg	es-PY	Salí de la pista, que viene otro	lo que toca hacer ahora, en vuelo y en tierra
instructor	instructor/vuelo.abandonandoSinPrisa.ogg	es-PY	Sin apuro: salí de la pista y volvé a casa	lo que toca hacer ahora, en vuelo y en tierra
instructor	instructor/vuelo.abandonandoConLaBici.ogg	es-PY	Sin apuro: salí de la pista y seguí a Jazlyn, que vino a buscarte en bici	lo que toca hacer ahora, en vuelo y en tierra
instructor	instructor/vuelo.abandonandoSinTorre.ogg	es-PY	Sin apuro: salí de la pista y andá a la plataforma	lo que toca hacer ahora, en vuelo y en tierra
instructor	instructor/vuelo.pistaLibre.ogg	es-PY	¡Pista libre! Bien hecho	lo que toca hacer ahora, en vuelo y en tierra
instructor	instructor/vuelo.aPlataforma.ogg	es-PY	Volvé a tu lugar	lo que toca hacer ahora, en vuelo y en tierra
instructor	instructor/vuelo.enPuesto.ogg	es-PY	Llegaste. Apagá el motor	lo que toca hacer ahora, en vuelo y en tierra
instructor	instructor/vuelo.apagado.ogg	es-PY	¡Vuelo terminado!	lo que toca hacer ahora, en vuelo y en tierra
instructor	instructor/vuelo.fuera.ogg	es-PY	Volvé a la raya verde	lo que toca hacer ahora, en vuelo y en tierra
instructor	instructor/vuelo.roto.ogg	es-PY	Se rompió. Volvemos a empezar	lo que toca hacer ahora, en vuelo y en tierra
instructor	instructor/vuelo.rapido.ogg	es-PY	Vas muy rápido	lo que toca hacer ahora, en vuelo y en tierra
instructor	instructor/vuelo.sobrevelocidad.ogg	es-PY	Muy rápido: bajá el motor	lo que toca hacer ahora, en vuelo y en tierra
instructor	instructor/vuelo.sobrevelocidadAire.ogg	es-PY	Muy rápido para esta altura	lo que toca hacer ahora, en vuelo y en tierra
instructor	instructor/vuelo.trenPasado.ogg	es-PY	Muy rápido con el tren fuera: metélo	lo que toca hacer ahora, en vuelo y en tierra
instructor	instructor/vuelo.flapsPasados.ogg	es-PY	Muy rápido con los flaps: recogélos	lo que toca hacer ahora, en vuelo y en tierra
instructor	instructor/vuelo.pediFlaps.ogg	es-PY	Bajá los flaps para frenar	lo que toca hacer ahora, en vuelo y en tierra
instructor	instructor/vuelo.alivioDeFlaps.ogg	es-PY	Los flaps subieron un punto solos: el avión los cuida porque vamos rápido. Bajá la velocidad y vuelven.	lo que toca hacer ahora, en vuelo y en tierra
instructor	instructor/vuelo.flapsTocados.ogg	es-PY	Nos pasamos de velocidad con los flaps y quedaron tocados: ya no bajan más del primer punto. En tierra los revisa el mecánico.	lo que toca hacer ahora, en vuelo y en tierra
instructor	instructor/vuelo.flapsEnLaCarrera.ogg	es-PY	Los flaps, mejor al salir de la pista: corriendo por la pista se puede tocar el tren sin querer.	lo que toca hacer ahora, en vuelo y en tierra
instructor	instructor/vuelo.flapsArribaAlSalir.ogg	es-PY	Ya salimos de la pista: ahora sí, subí los flaps.	lo que toca hacer ahora, en vuelo y en tierra
instructor	instructor/vuelo.despuesDelAterrizaje.ogg	es-PY	Lista de después del aterrizaje: los flaps arriba son tuyos; las luces y el transpondedor los hago yo.	lo que toca hacer ahora, en vuelo y en tierra
instructor	instructor/vuelo.alPuestoConFlaps.ogg	es-PY	Llegamos al puesto con los flaps fuera. No pasa nada: la próxima, subílos al dejar la pista.	lo que toca hacer ahora, en vuelo y en tierra
instructor	instructor/vuelo.despues.aerofrenos.ogg	es-PY	Los aerofrenos, adentro: bajá la palanca.	lo que toca hacer ahora, en vuelo y en tierra
instructor	instructor/vuelo.despues.luces.ogg	es-PY	Las luces las hago yo: apago las de aterrizaje y dejo la de rodaje.	lo que toca hacer ahora, en vuelo y en tierra
instructor	instructor/vuelo.despues.transpondedor.ogg	es-PY	Y el transpondedor: pongo el TCAS en espera.	lo que toca hacer ahora, en vuelo y en tierra
instructor	instructor/vuelo.meteElTren.ogg	es-PY	Metélo, el tren te frena	lo que toca hacer ahora, en vuelo y en tierra
instructor	instructor/vuelo.tormenta.ogg	es-PY	Hay una tormenta delante: rodeála, no la cruces	lo que toca hacer ahora, en vuelo y en tierra
instructor	instructor/vuelo.baches.ogg	es-PY	Se mueve un poco: son baches del aire, como las olas en el agua. El avión está hecho para esto. Seguí volando con calma.	lo que toca hacer ahora, en vuelo y en tierra
instructor	instructor/vuelo.reserva.ogg	es-PY	Entraste en la reserva. Con calma: vamos al aeropuerto más cercano, seguí la flecha	lo que toca hacer ahora, en vuelo y en tierra
instructor	instructor/vuelo.sinCombustible.ogg	es-PY	Se acabó el combustible: planeá hasta la pista	lo que toca hacer ahora, en vuelo y en tierra
instructor	instructor/vuelo.sinMotor.ogg	es-PY	No tenemos motor: bajamos la nariz, mantenemos esta velocidad y vamos a esa pista	lo que toca hacer ahora, en vuelo y en tierra
instructor	instructor/vuelo.planeoLento.ogg	es-PY	Vamos lentos: bajá un poco la nariz	lo que toca hacer ahora, en vuelo y en tierra
instructor	instructor/vuelo.planeoRapido.ogg	es-PY	Vamos rápidos: levantá un poco la nariz, que así llegamos más lejos	lo que toca hacer ahora, en vuelo y en tierra
instructor	instructor/vuelo.aire.frio.ogg	es-PY	Afuera ya hace cero grados. Cada mil metros que subimos, unos seis grados y medio menos: allá arriba hace como cincuenta bajo cero.	lo que toca hacer ahora, en vuelo y en tierra
instructor	instructor/vuelo.aire.crucero.ogg	es-PY	Ya estamos en crucero. Acá arriba el aire es finito: el avión frena menos y gasta menos combustible. Por eso los aviones vuelan tan alto.	lo que toca hacer ahora, en vuelo y en tierra
instructor	instructor/vuelo.aire.cruceroConCifras.ogg	es-PY	Mirá la velocidad: el reloj marca menos de lo que vamos de verdad, porque acá arriba el aire es finito. Y con menos aire se frena menos y se gasta menos: por eso los aviones vuelan tan alto.	lo que toca hacer ahora, en vuelo y en tierra
instructor	instructor/vuelo.aire.bolsa.ogg	es-PY	La cabina también sube, pero despacito: ahora va como a mil quinientos metros, aunque el avión esté mucho más alto. Por eso una bolsa de papitas cerrada abajo, acá arriba se infla.	lo que toca hacer ahora, en vuelo y en tierra
instructor	instructor/vuelo.aire.oidos.ogg	es-PY	Empezamos a bajar, y la cabina también baja. Si se te tapan los oídos, tragá saliva o bostezá, que se destapan. Y una botella cerrada allá arriba, abajo llega aplastada.	lo que toca hacer ahora, en vuelo y en tierra
instructor	instructor/vuelo.cabinaSinPresion.ogg	es-PY	Se fue la presión de la cabina. Con calma: primero la máscara, y bajamos rápido a donde se respira. Gas al mínimo, aerofrenos afuera y nariz abajo.	lo que toca hacer ahora, en vuelo y en tierra
instructor	instructor/vuelo.cabinaSinPresionConTren.ogg	es-PY	Se fue la presión de la cabina. Con calma: primero la máscara, y bajamos rápido a donde se respira. Gas al mínimo, tren afuera y nariz abajo.	lo que toca hacer ahora, en vuelo y en tierra
instructor	instructor/vuelo.primeroLaTuya.segundos.ogg	es-PY	Cayeron las máscaras. Primero la tuya, porque a esta altura, sin oxígeno, quedan unos segundos para pensar bien: medio minuto o menos. Con la tuya puesta, ya podés ayudar.	lo que toca hacer ahora, en vuelo y en tierra
instructor	instructor/vuelo.primeroLaTuya.minuto.ogg	es-PY	Cayeron las máscaras. Primero la tuya, porque a esta altura, sin oxígeno, queda más o menos un minuto para pensar bien. Con la tuya puesta, ya podés ayudar.	lo que toca hacer ahora, en vuelo y en tierra
instructor	instructor/vuelo.primeroLaTuya.minutos.ogg	es-PY	Cayeron las máscaras. Primero la tuya, porque a esta altura, sin oxígeno, quedan unos pocos minutos para pensar bien. Con la tuya puesta, ya podés ayudar.	lo que toca hacer ahora, en vuelo y en tierra
instructor	instructor/vuelo.yaSeRespira.ogg	es-PY	Muy bien: acá ya se respira. Nivelamos y vamos al aeropuerto más cercano, con calma. Así lo practican los pilotos de verdad.	lo que toca hacer ahora, en vuelo y en tierra
instructor	instructor/vuelo.laOtraPunta.ogg	es-PY	Esa no es la pista en uso: hoy el viento manda entrar por la otra punta	lo que toca hacer ahora, en vuelo y en tierra
instructor	instructor/vuelo.salidaSiguiente.ogg	es-PY	Te pasaste la salida. No pasa nada: seguí por la pista hasta la próxima	lo que toca hacer ahora, en vuelo y en tierra
instructor	instructor/vuelo.calor.ogg	es-PY	Hace calor: vamos a necesitar más pista para despegar	lo que toca hacer ahora, en vuelo y en tierra
instructor	instructor/vuelo.alAireOtraPunta.ogg	es-PY	Por esa punta no: andate al aire y volvé por la otra	lo que toca hacer ahora, en vuelo y en tierra
instructor	instructor/vuelo.alAireVientoDeCola.ogg	es-PY	Con viento de cola no frenás a tiempo: andate al aire y volvé por la otra punta	lo que toca hacer ahora, en vuelo y en tierra
instructor	instructor/vuelo.sacaElTren.ogg	es-PY	Sacá el tren	lo que toca hacer ahora, en vuelo y en tierra
instructor	instructor/vuelo.trenEnElSuelo.ogg	es-PY	Con el avión en el suelo, el tren no se mete	lo que toca hacer ahora, en vuelo y en tierra
instructor	instructor/vuelo.despacio.ogg	es-PY	Más despacio	lo que toca hacer ahora, en vuelo y en tierra
instructor	instructor/vuelo.alto.ogg	es-PY	Pará acá	lo que toca hacer ahora, en vuelo y en tierra
instructor	instructor/vuelo.teLoPasaste.ogg	es-PY	Te pasaste. Frená y volvé	lo que toca hacer ahora, en vuelo y en tierra
instructor	instructor/vuelo.yaPodesTocar.ogg	es-PY	Ya podés tocar	lo que toca hacer ahora, en vuelo y en tierra
instructor	instructor/vuelo.quitaElGas.ogg	es-PY	Quitá el gas	lo que toca hacer ahora, en vuelo y en tierra
instructor	instructor/vuelo.sinPermiso.ogg	es-PY	Entraste sin la luz verde. La próxima, esperala	lo que toca hacer ahora, en vuelo y en tierra
instructor	instructor/circuito.subida.ogg	es-PY	Subí derecho por el eje	los cuatro tramos del circuito de tráfico
instructor	instructor/circuito.cruzado.ogg	es-PY	Girá a la izquierda: volvemos a la pista	los cuatro tramos del circuito de tráfico
instructor	instructor/circuito.encola.ogg	es-PY	Volá al lado de la pista, con ella a tu izquierda	los cuatro tramos del circuito de tráfico
instructor	instructor/circuito.cruzado.derecha.ogg	es-PY	Girá a la derecha: volvemos a la pista	los cuatro tramos del circuito de tráfico
instructor	instructor/circuito.encola.derecha.ogg	es-PY	Volá al lado de la pista, con ella a tu derecha	los cuatro tramos del circuito de tráfico
instructor	instructor/circuito.base.ogg	es-PY	Girá otra vez y empezá a bajar: ya vamos a aterrizar	los cuatro tramos del circuito de tráfico
instructor	instructor/percance.ocupada.ogg	es-PY	La pista estaba ocupada y te dijeron que no bajaras	lo que salió mal, en la pantalla de fin
instructor	instructor/percance.coche.ogg	es-PY	Le pasaste por encima al coche	lo que salió mal, en la pantalla de fin
instructor	instructor/percance.edificio.ogg	es-PY	Chocaste con un edificio	lo que salió mal, en la pantalla de fin
instructor	instructor/percance.fuera.ogg	es-PY	Tocaste tierra fuera de la pista	lo que salió mal, en la pantalla de fin
instructor	instructor/percance.golpe.ogg	es-PY	Llegaste dando un golpe	lo que salió mal, en la pantalla de fin
instructor	instructor/percance.pasada.ogg	es-PY	Te pasaste del final de la pista	lo que salió mal, en la pantalla de fin
instructor	instructor/percance.sinpermiso.ogg	es-PY	Entraste en la pista sin la luz verde	lo que salió mal, en la pantalla de fin
instructor	instructor/percance.sintren.ogg	es-PY	Tocaste tierra sin sacar el tren	lo que salió mal, en la pantalla de fin
instructor	instructor/fin.horas.ogg	es-PY	Lo que llevás volado	el reconocimiento al terminar
instructor	instructor/fin.llegaste.ogg	es-PY	¡Llegaste! Ya estás en casa	el reconocimiento al terminar
instructor	instructor/fin.bien.ogg	es-PY	¡Buen vuelo!	el reconocimiento al terminar
instructor	instructor/fin.muyBien.ogg	es-PY	¡Gran vuelo!	el reconocimiento al terminar
instructor	instructor/fin.otra.ogg	es-PY	Otro vuelo	el reconocimiento al terminar
instructor	instructor/fin.redondo.ogg	es-PY	¡Vuelo redondo! No se puede hacer mejor	el reconocimiento al terminar
instructor	instructor/grado.aprendiz.ogg	es-PY	Aprendiz	los cuatro grados del cuaderno
instructor	instructor/grado.piloto.ogg	es-PY	Piloto	los cuatro grados del cuaderno
instructor	instructor/grado.comandante.ogg	es-PY	Comandante	los cuatro grados del cuaderno
instructor	instructor/grado.instructora.ogg	es-PY	Instructora	los cuatro grados del cuaderno
instructor	instructor/galon.manga.ogg	es-PY	Los galones de este vuelo	los galones que se ganan en el vuelo
instructor	instructor/galon.aproximacion.ogg	es-PY	Galón de la aproximación	los galones que se ganan en el vuelo
instructor	instructor/galon.toma.ogg	es-PY	Galón del aterrizaje	los galones que se ganan en el vuelo
instructor	instructor/galon.aros.ogg	es-PY	Galón de los aros	los galones que se ganan en el vuelo
instructor	instructor/galon.velocidad.ogg	es-PY	Galón de la velocidad	los galones que se ganan en el vuelo
instructor	instructor/galon.rodaje.ogg	es-PY	Galón del rodaje	los galones que se ganan en el vuelo
instructor	instructor/galon.frustrada.ogg	es-PY	Galón de la frustrada	los galones que se ganan en el vuelo
instructor	instructor/tutor.throttle.ogg	es-PY	Dale motor	los consejos de los primeros minutos
instructor	instructor/tutor.speed.ogg	es-PY	Esperá a que corra	los consejos de los primeros minutos
instructor	instructor/tutor.pull.ogg	es-PY	Tirá para arriba	los consejos de los primeros minutos
instructor	instructor/tutor.flying.ogg	es-PY	¡Estás volando!	los consejos de los primeros minutos
instructor	instructor/tutor.frenar.ogg	es-PY	Frená	los consejos de los primeros minutos
instructor	instructor/tutor.salir.ogg	es-PY	Seguí la raya y salí de la pista	los consejos de los primeros minutos
instructor	instructor/tutor.slow.ogg	es-PY	Bajá el motor	los consejos de los primeros minutos
instructor	instructor/motivo.sinPista.ogg	es-PY	No se ve la pista	por qué no se puede bajar así
instructor	instructor/motivo.lento.ogg	es-PY	Vas muy despacio	por qué no se puede bajar así
instructor	instructor/motivo.cayendo.ogg	es-PY	Estás cayendo muy rápido	por qué no se puede bajar así
instructor	instructor/motivo.rapido.ogg	es-PY	Vas muy rápido	por qué no se puede bajar así
instructor	instructor/motivo.torcido.ogg	es-PY	Estás torcido	por qué no se puede bajar así
instructor	instructor/motivo.descolocado.ogg	es-PY	Estás fuera del eje	por qué no se puede bajar así
instructor	instructor/motivo.alto.ogg	es-PY	Vas alto	por qué no se puede bajar así
instructor	instructor/motivo.bajo.ogg	es-PY	Vas bajo	por qué no se puede bajar así
instructor	instructor/motivo.sinConfigurar.ogg	es-PY	Falta el tren o los flaps	por qué no se puede bajar así
instructor	instructor/mission.rio.name.ogg	es-PY	Ver el río	las misiones
instructor	instructor/mission.rioabajo.name.ogg	es-PY	Seguir el río	las misiones
instructor	instructor/mission.mar.name.ogg	es-PY	Salir al mar	las misiones
instructor	instructor/mission.anaga.name.ogg	es-PY	A Anaga	las misiones
instructor	instructor/mission.cumbre.name.ogg	es-PY	A la cumbre	las misiones
instructor	instructor/mission.lomas.name.ogg	es-PY	A las lomas	las misiones
instructor	instructor/mission.first.name.ogg	es-PY	Tu primer vuelo	las misiones
instructor	instructor/mission.valley.name.ogg	es-PY	La vuelta al valle	las misiones
instructor	instructor/mission.transfer.name.ogg	es-PY	El traslado	las misiones
instructor	instructor/mission.step.ogg	es-PY	¡Bien! Seguí	las misiones
instructor	instructor/mission.done.ogg	es-PY	¡Misión cumplida!	las misiones
instructor	instructor/mission.none.ogg	es-PY	Vuelo libre	las misiones
instructor	instructor/ala.dice.arriba.ogg	es-PY	Mirá el azul: casi toda la fuerza la hace el aire de arriba, chupando. Y mirá cómo el aire sale para abajo detrás del ala.	lo que explica el esquema del ala
instructor	instructor/ala.dice.arrastra.ogg	es-PY	Con más ángulo sube más… pero también frena mucho más. Por eso no se vuela con el morro arriba del todo.	lo que explica el esquema del ala
instructor	instructor/ala.dice.cerca.ogg	es-PY	Cuidado: un poco más de ángulo y el aire se suelta.	lo que explica el esquema del ala
instructor	instructor/ala.dice.perdida.ogg	es-PY	El aire se despegó del ala: mirá los remolinos, y cómo el azul ya solo queda en la puntita de adelante. Eso es la pérdida: bajá el morro y vuelve.	lo que explica el esquema del ala
instructor	instructor/ventanilla.vos.lado.izquierda.ogg	es-PY	Mirá por la ventanilla, a tu izquierda.	lo que se ve por la ventanilla, dicho al lado en la avioneta
instructor	instructor/ventanilla.vos.lado.izquierda~2.ogg	es-PY	Fijate por tu ventanilla, a la izquierda.	lo que se ve por la ventanilla, dicho al lado en la avioneta · otra forma de decirlo
instructor	instructor/ventanilla.vos.lado.derecha.ogg	es-PY	Mirá por la ventanilla, a tu derecha.	lo que se ve por la ventanilla, dicho al lado en la avioneta
instructor	instructor/ventanilla.vos.lado.derecha~2.ogg	es-PY	Fijate por tu ventanilla, a la derecha.	lo que se ve por la ventanilla, dicho al lado en la avioneta · otra forma de decirlo
instructor	instructor/ventanilla.vos.teide.ogg	es-PY	¿Ves esa montaña enorme? Es el Teide, la más alta de toda España. ¡Y es un volcán!	lo que se ve por la ventanilla, dicho al lado en la avioneta
instructor	instructor/ventanilla.vos.canadas.ogg	es-PY	Mirá abajo, al pie del Teide: eso es Las Cañadas, un cráter gigante. Y esas rocas raras son los Roques de García.	lo que se ve por la ventanilla, dicho al lado en la avioneta
instructor	instructor/ventanilla.vos.anaga.ogg	es-PY	Esas montañas verdes y arrugadas son Anaga. Ahí crece la laurisilva, un bosque que ya existía hace millones de años.	lo que se ve por la ventanilla, dicho al lado en la avioneta
instructor	instructor/ventanilla.vos.orotava.ogg	es-PY	Ese valle que baja al mar es La Orotava. Se formó cuando un pedazo gigante de la isla se fue al mar.	lo que se ve por la ventanilla, dicho al lado en la avioneta
instructor	instructor/ventanilla.vos.gigantes.ogg	es-PY	Mirá esos acantilados: son Los Gigantes. Paredes de roca que caen derechito al mar.	lo que se ve por la ventanilla, dicho al lado en la avioneta
instructor	instructor/ventanilla.vos.garajonay.ogg	es-PY	Esa isla es La Gomera. Lo verde de arriba es el Garajonay, un bosque que toma agua de las nubes.	lo que se ve por la ventanilla, dicho al lado en la avioneta
instructor	instructor/ventanilla.vos.taburiente.ogg	es-PY	Esa es La Palma. Arriba de todo, en el Roque de los Muchachos, hay telescopios gigantes para mirar las estrellas.	lo que se ve por la ventanilla, dicho al lado en la avioneta
instructor	instructor/ventanilla.vos.tajogaite.ogg	es-PY	¿Ves esa montaña negra? Es el Tajogaite, un volcán que nació en dos mil veintiuno. ¡Estuvo casi tres meses echando lava!	lo que se ve por la ventanilla, dicho al lado en la avioneta
instructor	instructor/ventanilla.vos.hierro.ogg	es-PY	Esa es El Hierro, la más chiquita de las siete islas grandes. Hace mucho, el mundo se medía desde ahí.	lo que se ve por la ventanilla, dicho al lado en la avioneta
instructor	instructor/ventanilla.vos.nieves.ogg	es-PY	Arriba de Gran Canaria está el Pico de las Nieves. Antes guardaban nieve ahí, en pozos, para tener hielo en verano.	lo que se ve por la ventanilla, dicho al lado en la avioneta
instructor	instructor/ventanilla.vos.las-palmas.ogg	es-PY	Esa es Las Palmas de Gran Canaria, la ciudad más grande de las islas. ¡Tiene la playa en medio de la ciudad!	lo que se ve por la ventanilla, dicho al lado en la avioneta
instructor	instructor/ventanilla.vos.maspalomas.ogg	es-PY	¿Ves eso dorado? Son las dunas de Maspalomas: un desierto chiquito al lado del mar.	lo que se ve por la ventanilla, dicho al lado en la avioneta
instructor	instructor/ventanilla.vos.fuerteventura.ogg	es-PY	Esa isla larga es Fuerteventura, la más viejita de todas las Canarias. ¡Tiene unos veinte millones de años!	lo que se ve por la ventanilla, dicho al lado en la avioneta
instructor	instructor/ventanilla.vos.lobos.ogg	es-PY	Ese islote es Lobos. Se llama así por las focas que vivían ahí: los lobos marinos.	lo que se ve por la ventanilla, dicho al lado en la avioneta
instructor	instructor/ventanilla.vos.timanfaya.ogg	es-PY	Esas montañas rojas y negras son Timanfaya: volcanes que estuvieron seis años echando fuego. ¡El suelo todavía está caliente!	lo que se ve por la ventanilla, dicho al lado en la avioneta
instructor	instructor/ventanilla.vos.barco.ogg	es-PY	Mirá allá abajo: un barco, con la raya blanca que va dejando en el agua.	lo que se ve por la ventanilla, dicho al lado en la avioneta
instructor	instructor/ventanilla.vos.avion.ogg	es-PY	Mirá: otro avión. Mirar afuera es lo primero que hace un piloto, para ver a los demás.	lo que se ve por la ventanilla, dicho al lado en la avioneta
instructor	instructor/ventanilla.vos.rio-paraguay.ogg	es-PY	Ese río es el Paraguay, el que le da el nombre a nuestro país. Del otro lado empieza el Chaco.	lo que se ve por la ventanilla, dicho al lado en la avioneta
instructor	instructor/ventanilla.vos.asuncion.ogg	es-PY	Esa es Asunción, la capital. Es una de las ciudades más antiguas de Sudamérica.	lo que se ve por la ventanilla, dicho al lado en la avioneta
instructor	instructor/ventanilla.vos.ypacarai.ogg	es-PY	Ese lago es el Ypacaraí, el de la canción. ¿La conocés?	lo que se ve por la ventanilla, dicho al lado en la avioneta
instructor	instructor/ventanilla.vos.ypoa.ogg	es-PY	Ese es el lago Ypoá, el más grande del Paraguay. Ahí viven un montón de pájaros.	lo que se ve por la ventanilla, dicho al lado en la avioneta
instructor	instructor/ventanilla.vos.rio-parana.ogg	es-PY	Ese río enorme es el Paraná. En toda Sudamérica, solo el Amazonas es más largo.	lo que se ve por la ventanilla, dicho al lado en la avioneta
instructor	instructor/ventanilla.vos.yacyreta.ogg	es-PY	Esa raya larga en el río es la represa de Yacyretá. Con la fuerza del agua hace luz para las casas.	lo que se ve por la ventanilla, dicho al lado en la avioneta
instructor	instructor/ventanilla.vos.itaipu.ogg	es-PY	Allá está Itaipú, una represa gigante. Hace luz para Paraguay y para Brasil.	lo que se ve por la ventanilla, dicho al lado en la avioneta
instructor	instructor/ventanilla.vos.iguazu.ogg	es-PY	Por allá están las Cataratas del Iguazú. ¡Son casi trescientos saltos de agua!	lo que se ve por la ventanilla, dicho al lado en la avioneta
instructor	instructor/ventanilla.vos.triple-frontera.ogg	es-PY	Ahí se juntan dos ríos y tres países: Paraguay, Argentina y Brasil.	lo que se ve por la ventanilla, dicho al lado en la avioneta
instructor	instructor/ventanilla.vos.cerro-cora.ogg	es-PY	Esos cerros son Cerro Corá. Ahí terminó una guerra muy grande, hace mucho, en mil ochocientos setenta.	lo que se ve por la ventanilla, dicho al lado en la avioneta
instructor	instructor/ventanilla.vos.chaco.ogg	es-PY	Abajo está el Chaco: un monte enorme donde viven yaguaretés, tatús y osos hormigueros.	lo que se ve por la ventanilla, dicho al lado en la avioneta
instructor	instructor/ventanilla.vos.encarnacion.ogg	es-PY	Esa es Encarnación. En verano tiene playas en el río y un carnaval muy famoso.	lo que se ve por la ventanilla, dicho al lado en la avioneta
instructor	instructor/ventanilla.vos.trinidad.ogg	es-PY	Ahí están las ruinas de Trinidad: una misión jesuítica viejísima, Patrimonio de la Humanidad.	lo que se ve por la ventanilla, dicho al lado en la avioneta
comandante	comandante/ventanilla.saludo.ogg	es-PY	Hola de nuevo, les habla la comandante.	lo que se ve por la ventanilla, por la megafonía
comandante	comandante/ventanilla.lado.izquierda.ogg	es-PY	Los que van del lado izquierdo, miren por la ventanilla.	lo que se ve por la ventanilla, por la megafonía
comandante	comandante/ventanilla.lado.izquierda~2.ogg	es-PY	Asómense a las ventanillas de la izquierda.	lo que se ve por la ventanilla, por la megafonía · otra forma de decirlo
comandante	comandante/ventanilla.lado.derecha.ogg	es-PY	Los que van del lado derecho, miren por la ventanilla.	lo que se ve por la ventanilla, por la megafonía
comandante	comandante/ventanilla.lado.derecha~2.ogg	es-PY	Asómense a las ventanillas de la derecha.	lo que se ve por la ventanilla, por la megafonía · otra forma de decirlo
comandante	comandante/ventanilla.teide.ogg	es-PY	Ese gigante es el Teide: tres mil setecientos quince metros, la montaña más alta de España. Y es un volcán: en invierno, hasta se pone un gorro de nieve.	lo que se ve por la ventanilla, por la megafonía
comandante	comandante/ventanilla.canadas.ogg	es-PY	A los pies del Teide está Las Cañadas: un cráter gigante, de más de diez kilómetros. Y esas rocas con formas raras son los Roques de García, talladas por el viento, la lluvia y el hielo.	lo que se ve por la ventanilla, por la megafonía
comandante	comandante/ventanilla.anaga.ogg	es-PY	Aquellas montañas verdes y arrugadas son Anaga, de lo más antiguo de Tenerife. Ahí se guarda la laurisilva, un bosque que hace millones de años cubría el sur de Europa.	lo que se ve por la ventanilla, por la megafonía
comandante	comandante/ventanilla.orotava.ogg	es-PY	Ese valle tan ancho que baja hasta el mar es el Valle de La Orotava. Se formó cuando un pedazo enorme de la isla se deslizó al océano, hace cientos de miles de años.	lo que se ve por la ventanilla, por la megafonía
comandante	comandante/ventanilla.gigantes.ogg	es-PY	Esa pared de roca que cae al mar son los Acantilados de Los Gigantes: cientos de metros cortados a pico sobre el agua. Por algo les pusieron ese nombre.	lo que se ve por la ventanilla, por la megafonía
comandante	comandante/ventanilla.garajonay.ogg	es-PY	Esa isla redondita es La Gomera, y lo verde de arriba es el Garajonay: un bosque tan húmedo que bebe agua de las nubes. Es Patrimonio de la Humanidad.	lo que se ve por la ventanilla, por la megafonía
comandante	comandante/ventanilla.taburiente.ogg	es-PY	Aquella es La Palma, la isla bonita. Arriba, en el borde de la Caldera de Taburiente, está el Roque de los Muchachos, lleno de telescopios para mirar las estrellas.	lo que se ve por la ventanilla, por la megafonía
comandante	comandante/ventanilla.tajogaite.ogg	es-PY	Esa montaña oscura es el Tajogaite, el volcán más joven de Canarias: nació en dos mil veintiuno y estuvo casi tres meses echando lava.	lo que se ve por la ventanilla, por la megafonía
comandante	comandante/ventanilla.hierro.ogg	es-PY	Aquella es El Hierro, la más pequeña de las siete islas grandes. Durante siglos, por ahí pasaba el meridiano cero: desde ahí se medía el mundo.	lo que se ve por la ventanilla, por la megafonía
comandante	comandante/ventanilla.nieves.ogg	es-PY	En lo alto de Gran Canaria está el Pico de las Nieves, casi dos mil metros. Hace siglos guardaban ahí la nieve del invierno en pozos, para tener hielo en verano.	lo que se ve por la ventanilla, por la megafonía
comandante	comandante/ventanilla.las-palmas.ogg	es-PY	Esa ciudad junto al mar es Las Palmas de Gran Canaria, la más grande de Canarias. Tiene una playa en plena ciudad, Las Canteras, con una barrera de roca que la protege de las olas.	lo que se ve por la ventanilla, por la megafonía
comandante	comandante/ventanilla.maspalomas.ogg	es-PY	Eso dorado junto al mar son las Dunas de Maspalomas: un pequeño desierto de arena que el viento va moviendo, poco a poco.	lo que se ve por la ventanilla, por la megafonía
comandante	comandante/ventanilla.fuerteventura.ogg	es-PY	Esa isla tan larga es Fuerteventura, la más antigua de Canarias: unos veinte millones de años. Tanto tiempo de viento y lluvia la dejaron así de llana, con playas enormes.	lo que se ve por la ventanilla, por la megafonía
comandante	comandante/ventanilla.lobos.ogg	es-PY	Ese islote es Lobos: se llama así por los lobos marinos, unas focas que vivían ahí. Y enfrente, las dunas blancas de Corralejo, en Fuerteventura.	lo que se ve por la ventanilla, por la megafonía
comandante	comandante/ventanilla.timanfaya.ogg	es-PY	Esas montañas rojas y negras son Timanfaya, en Lanzarote. Hace unos trescientos años, sus volcanes estuvieron seis años seguidos echando fuego, y el suelo todavía está calentito.	lo que se ve por la ventanilla, por la megafonía
comandante	comandante/ventanilla.barco.ogg	es-PY	Allá abajo va un barco, de una isla a otra: fíjense en la estela blanca que deja en el mar.	lo que se ve por la ventanilla, por la megafonía
comandante	comandante/ventanilla.rio-paraguay.ogg	es-PY	Ese río ancho que brilla allá abajo es el río Paraguay, el que le da nombre al país. Lo parte en dos: de un lado la Región Oriental, y del otro, el Chaco.	lo que se ve por la ventanilla, por la megafonía
comandante	comandante/ventanilla.asuncion.ogg	es-PY	Esa ciudad grande a la orilla del río es Asunción, nuestra capital. La fundaron en mil quinientos treinta y siete, y le dicen Madre de Ciudades, porque de ahí salieron los que fundaron muchas otras.	lo que se ve por la ventanilla, por la megafonía
comandante	comandante/ventanilla.ypacarai.ogg	es-PY	Ese lago es el Ypacaraí, el de la canción Recuerdos de Ypacaraí, que se canta en muchísimos países del mundo.	lo que se ve por la ventanilla, por la megafonía
comandante	comandante/ventanilla.ypoa.ogg	es-PY	Aquella agua grande es el lago Ypoá, el más grande del Paraguay, rodeado de esteros llenos de aves.	lo que se ve por la ventanilla, por la megafonía
comandante	comandante/ventanilla.rio-parana.ogg	es-PY	Ese río enorme es el Paraná, el segundo más largo de Sudamérica: solamente el Amazonas le gana.	lo que se ve por la ventanilla, por la megafonía
comandante	comandante/ventanilla.yacyreta.ogg	es-PY	Aquella raya larga sobre el Paraná es la represa de Yacyretá, que compartimos con Argentina: con la fuerza del río hace luz para millones de casas.	lo que se ve por la ventanilla, por la megafonía
comandante	comandante/ventanilla.itaipu.ogg	es-PY	Allá está Itaipú, la represa que compartimos con Brasil: una de las que más energía producen en el mundo entero.	lo que se ve por la ventanilla, por la megafonía
comandante	comandante/ventanilla.iguazu.ogg	es-PY	Allá, entre Argentina y Brasil, están las Cataratas del Iguazú: casi trescientos saltos de agua. Con suerte se ve la nube de agua que levantan.	lo que se ve por la ventanilla, por la megafonía
comandante	comandante/ventanilla.triple-frontera.ogg	es-PY	Ahí, donde el Iguazú se junta con el Paraná, se tocan tres países: Paraguay, Argentina y Brasil. Le dicen la Triple Frontera.	lo que se ve por la ventanilla, por la megafonía
comandante	comandante/ventanilla.cerro-cora.ogg	es-PY	Esos cerros son Cerro Corá, un parque nacional. Ahí terminó, en mil ochocientos setenta, la guerra más grande de nuestra historia.	lo que se ve por la ventanilla, por la megafonía
comandante	comandante/ventanilla.chaco.ogg	es-PY	Eso de abajo es el Chaco: más de la mitad del país, pero con muy poca gente. Un monte inmenso donde viven yaguaretés, tatús y osos hormigueros.	lo que se ve por la ventanilla, por la megafonía
comandante	comandante/ventanilla.encarnacion.ogg	es-PY	Esa es Encarnación, la Perla del Sur, a orillas del Paraná. En verano tiene playas de río y el carnaval más famoso del país.	lo que se ve por la ventanilla, por la megafonía
comandante	comandante/ventanilla.trinidad.ogg	es-PY	Ahí están las ruinas de Trinidad, una misión jesuítica del siglo dieciocho. Es Patrimonio de la Humanidad, junto con la de Jesús, que está cerquita.	lo que se ve por la ventanilla, por la megafonía
comandante	comandante/comandante.bienvenida.ogg	es-PY	Señores pasajeros, buenas, les habla la comandante Jazlyn. Bienvenidos a bordo.	la megafonía de cabina, para el pasaje
comandante	comandante/comandante.crosscheck.ogg	es-PY	Tripulación, armar toboganes y verificación cruzada.	la megafonía de cabina, para el pasaje
comandante	comandante/comandante.despegue.ogg	es-PY	Tripulación, sentados para el despegue.	la megafonía de cabina, para el pasaje
comandante	comandante/comandante.despegue~2.ogg	es-PY	Tripulación, despegue inmediato.	la megafonía de cabina, para el pasaje · otra forma de decirlo
comandante	comandante/comandante.despegue~3.ogg	es-PY	Cabin crew, seats for take-off.	la megafonía de cabina, para el pasaje · otra forma de decirlo
comandante	comandante/comandante.despegue~4.ogg	es-PY	Cabin crew, prepare for take-off.	la megafonía de cabina, para el pasaje · otra forma de decirlo
comandante	comandante/comandante.crucero.ogg	es-PY	Ya estamos arriba. Pueden soltarse el cinturón, pero si están sentados, déjenselo puestito.	la megafonía de cabina, para el pasaje
comandante	comandante/comandante.turbulencia.ogg	es-PY	Señores pasajeros, vamos a pasar por una zona con algo de movimiento. Es normal y el avión está hecho para esto. Por favor, vuelvan a su asiento y abróchense el cinturón.	la megafonía de cabina, para el pasaje
comandante	comandante/comandante.nivelMasTranquilo.ogg	es-PY	Señores pasajeros, les habla la comandante. Por los baches le pedimos otro nivel a control, y subimos para ir más cómodos.	la megafonía de cabina, para el pasaje
comandante	comandante/comandante.bachesEnTodos.ogg	es-PY	Señores pasajeros, les habla la comandante. Probamos otras alturas con control, pero hay baches en todos los niveles. Es normal: sigan con el cinturón puesto.	la megafonía de cabina, para el pasaje
comandante	comandante/comandante.descenso.hacia.ogg	es-PY	Señores pasajeros, les habla nuevamente la comandante. Empezamos a bajar.	la megafonía de cabina, para el pasaje
comandante	comandante/comandante.descenso.vuelta.ogg	es-PY	Señores pasajeros, les habla nuevamente la comandante. Empezamos a bajar para volver al aeropuerto.	la megafonía de cabina, para el pasaje
comandante	comandante/comandante.descenso.hacia.pettirossi.ogg	es-PY	Señores pasajeros, les habla nuevamente la comandante. Empezamos a bajar hacia Asunción.	la megafonía de cabina, para el pasaje
comandante	comandante/comandante.descenso.hacia.guarani.ogg	es-PY	Señores pasajeros, les habla nuevamente la comandante. Empezamos a bajar hacia Ciudad del Este.	la megafonía de cabina, para el pasaje
comandante	comandante/comandante.descenso.hacia.encarnacion.ogg	es-PY	Señores pasajeros, les habla nuevamente la comandante. Empezamos a bajar hacia Encarnación.	la megafonía de cabina, para el pasaje
comandante	comandante/comandante.descenso.hacia.concepcion.ogg	es-PY	Señores pasajeros, les habla nuevamente la comandante. Empezamos a bajar hacia Concepción.	la megafonía de cabina, para el pasaje
comandante	comandante/comandante.descenso.hacia.pedro-juan.ogg	es-PY	Señores pasajeros, les habla nuevamente la comandante. Empezamos a bajar hacia Pedro Juan Caballero.	la megafonía de cabina, para el pasaje
comandante	comandante/comandante.descenso.hacia.estigarribia.ogg	es-PY	Señores pasajeros, les habla nuevamente la comandante. Empezamos a bajar hacia Mariscal Estigarribia.	la megafonía de cabina, para el pasaje
comandante	comandante/comandante.descenso.hacia.ayolas.ogg	es-PY	Señores pasajeros, les habla nuevamente la comandante. Empezamos a bajar hacia Ayolas.	la megafonía de cabina, para el pasaje
comandante	comandante/comandante.descenso.hacia.pilar.ogg	es-PY	Señores pasajeros, les habla nuevamente la comandante. Empezamos a bajar hacia Pilar.	la megafonía de cabina, para el pasaje
comandante	comandante/comandante.descenso.hacia.yvytu-rape.ogg	es-PY	Señores pasajeros, les habla nuevamente la comandante. Empezamos a bajar hacia Yvytu Rape, la pista de la Granja Óga.	la megafonía de cabina, para el pasaje
comandante	comandante/comandante.descenso.hacia.tenerife-norte.ogg	es-PY	Señores pasajeros, les habla nuevamente la comandante. Empezamos a bajar hacia Tenerife Norte.	la megafonía de cabina, para el pasaje
comandante	comandante/comandante.descenso.hacia.tenerife-sur.ogg	es-PY	Señores pasajeros, les habla nuevamente la comandante. Empezamos a bajar hacia Tenerife Sur.	la megafonía de cabina, para el pasaje
comandante	comandante/comandante.descenso.hacia.gran-canaria.ogg	es-PY	Señores pasajeros, les habla nuevamente la comandante. Empezamos a bajar hacia Gran Canaria.	la megafonía de cabina, para el pasaje
comandante	comandante/comandante.descenso.hacia.lanzarote.ogg	es-PY	Señores pasajeros, les habla nuevamente la comandante. Empezamos a bajar hacia Lanzarote.	la megafonía de cabina, para el pasaje
comandante	comandante/comandante.descenso.hacia.fuerteventura.ogg	es-PY	Señores pasajeros, les habla nuevamente la comandante. Empezamos a bajar hacia Fuerteventura.	la megafonía de cabina, para el pasaje
comandante	comandante/comandante.descenso.hacia.la-palma.ogg	es-PY	Señores pasajeros, les habla nuevamente la comandante. Empezamos a bajar hacia La Palma.	la megafonía de cabina, para el pasaje
comandante	comandante/comandante.descenso.hacia.el-hierro.ogg	es-PY	Señores pasajeros, les habla nuevamente la comandante. Empezamos a bajar hacia El Hierro.	la megafonía de cabina, para el pasaje
comandante	comandante/comandante.descenso.hacia.la-gomera.ogg	es-PY	Señores pasajeros, les habla nuevamente la comandante. Empezamos a bajar hacia La Gomera.	la megafonía de cabina, para el pasaje
comandante	comandante/comandante.cielo.despejado.ogg	es-PY	Allá el cielo está despejado.	la megafonía de cabina, para el pasaje
comandante	comandante/comandante.cielo.nubes.ogg	es-PY	Allá hay algunas nubes.	la megafonía de cabina, para el pasaje
comandante	comandante/comandante.cielo.nublado.ogg	es-PY	Allá está nublado.	la megafonía de cabina, para el pasaje
comandante	comandante/comandante.cielo.lluvia.ogg	es-PY	Allá está lloviendo.	la megafonía de cabina, para el pasaje
comandante	comandante/comandante.cielo.tormenta.ogg	es-PY	Allá hay tormenta, así que el avión se puede mover un poco: con el cinturón bien puesto, tranquilos.	la megafonía de cabina, para el pasaje
comandante	comandante/comandante.cielo.niebla.ogg	es-PY	Allá hay niebla.	la megafonía de cabina, para el pasaje
comandante	comandante/comandante.aproximacion.ogg	es-PY	Tripulación, prepararse para el aterrizaje.	la megafonía de cabina, para el pasaje
comandante	comandante/comandante.descensoDeEmergencia.ogg	es-PY	Tripulación, descenso de emergencia.	la megafonía de cabina, para el pasaje
comandante	comandante/comandante.alturaSegura.ogg	es-PY	Tripulación, ya estamos a una altura segura.	la megafonía de cabina, para el pasaje
comandante	comandante/comandante.mascaras.ogg	es-PY	Señores pasajeros, les habla la comandante. Pónganse la máscara de oxígeno sobre la nariz y la boca: primero la suya, y después ayuden a los demás. Vamos a bajar rápido a una altura donde se respira bien.	la megafonía de cabina, para el pasaje
comandante	comandante/comandante.yaSeRespira.ogg	es-PY	Señores pasajeros, les habla la comandante. Ya estamos a una altura donde se respira bien: pueden quitarse la máscara. Vamos al aeropuerto más cercano. Gracias por la calma.	la megafonía de cabina, para el pasaje
comandante	comandante/comandante.bienvenida.local.ogg	es-PY	Señores pasajeros, buenas, les habla la comandante Jazlyn. Bienvenidos a bordo. Hoy damos una vuelta por los alrededores y volvemos acá mismo.	la megafonía de cabina, para el pasaje
comandante	comandante/comandante.bienvenida.pettirossi.ogg	es-PY	Señores pasajeros, buenas, les habla la comandante Jazlyn. Bienvenidos a bordo de este vuelo a Asunción.	la megafonía de cabina, para el pasaje
comandante	comandante/comandante.bienvenida.guarani.ogg	es-PY	Señores pasajeros, buenas, les habla la comandante Jazlyn. Bienvenidos a bordo de este vuelo a Ciudad del Este.	la megafonía de cabina, para el pasaje
comandante	comandante/comandante.bienvenida.encarnacion.ogg	es-PY	Señores pasajeros, buenas, les habla la comandante Jazlyn. Bienvenidos a bordo de este vuelo a Encarnación.	la megafonía de cabina, para el pasaje
comandante	comandante/comandante.bienvenida.concepcion.ogg	es-PY	Señores pasajeros, buenas, les habla la comandante Jazlyn. Bienvenidos a bordo de este vuelo a Concepción.	la megafonía de cabina, para el pasaje
comandante	comandante/comandante.bienvenida.pedro-juan.ogg	es-PY	Señores pasajeros, buenas, les habla la comandante Jazlyn. Bienvenidos a bordo de este vuelo a Pedro Juan Caballero.	la megafonía de cabina, para el pasaje
comandante	comandante/comandante.bienvenida.estigarribia.ogg	es-PY	Señores pasajeros, buenas, les habla la comandante Jazlyn. Bienvenidos a bordo de este vuelo a Mariscal Estigarribia.	la megafonía de cabina, para el pasaje
comandante	comandante/comandante.bienvenida.ayolas.ogg	es-PY	Señores pasajeros, buenas, les habla la comandante Jazlyn. Bienvenidos a bordo de este vuelo a Ayolas.	la megafonía de cabina, para el pasaje
comandante	comandante/comandante.bienvenida.pilar.ogg	es-PY	Señores pasajeros, buenas, les habla la comandante Jazlyn. Bienvenidos a bordo de este vuelo a Pilar.	la megafonía de cabina, para el pasaje
comandante	comandante/comandante.bienvenida.yvytu-rape.ogg	es-PY	Señores pasajeros, buenas, les habla la comandante Jazlyn. Bienvenidos a bordo de este vuelo a Yvytu Rape, la pista de la Granja Óga.	la megafonía de cabina, para el pasaje
comandante	comandante/comandante.bienvenida.tenerife-norte.ogg	es-PY	Señores pasajeros, buenas, les habla la comandante Jazlyn. Bienvenidos a bordo de este vuelo a Tenerife Norte.	la megafonía de cabina, para el pasaje
comandante	comandante/comandante.bienvenida.tenerife-sur.ogg	es-PY	Señores pasajeros, buenas, les habla la comandante Jazlyn. Bienvenidos a bordo de este vuelo a Tenerife Sur.	la megafonía de cabina, para el pasaje
comandante	comandante/comandante.bienvenida.gran-canaria.ogg	es-PY	Señores pasajeros, buenas, les habla la comandante Jazlyn. Bienvenidos a bordo de este vuelo a Gran Canaria.	la megafonía de cabina, para el pasaje
comandante	comandante/comandante.bienvenida.lanzarote.ogg	es-PY	Señores pasajeros, buenas, les habla la comandante Jazlyn. Bienvenidos a bordo de este vuelo a Lanzarote.	la megafonía de cabina, para el pasaje
comandante	comandante/comandante.bienvenida.fuerteventura.ogg	es-PY	Señores pasajeros, buenas, les habla la comandante Jazlyn. Bienvenidos a bordo de este vuelo a Fuerteventura.	la megafonía de cabina, para el pasaje
comandante	comandante/comandante.bienvenida.la-palma.ogg	es-PY	Señores pasajeros, buenas, les habla la comandante Jazlyn. Bienvenidos a bordo de este vuelo a La Palma.	la megafonía de cabina, para el pasaje
comandante	comandante/comandante.bienvenida.el-hierro.ogg	es-PY	Señores pasajeros, buenas, les habla la comandante Jazlyn. Bienvenidos a bordo de este vuelo a El Hierro.	la megafonía de cabina, para el pasaje
comandante	comandante/comandante.bienvenida.la-gomera.ogg	es-PY	Señores pasajeros, buenas, les habla la comandante Jazlyn. Bienvenidos a bordo de este vuelo a La Gomera.	la megafonía de cabina, para el pasaje
comandante	comandante/comandante.llegada.pettirossi.ogg	es-PY	Señores pasajeros, bienvenidos a Asunción. Este aeropuerto lleva el nombre de Silvio Pettirossi, que fue el primer paraguayo en volar — así que están en buen sitio para aterrizar. Gracias por acompañarnos.	la megafonía de cabina, para el pasaje
comandante	comandante/comandante.llegada.pettirossi~2.ogg	es-PY	Bienvenidos a Asunción. Este campo está en Luque, así que técnicamente todavía no llegaron a la capital: les falta un puente. Gracias por volar con nosotros.	la megafonía de cabina, para el pasaje · otra forma de decirlo
comandante	comandante/comandante.llegada.pettirossi~3.ogg	es-PY	Señores pasajeros, estamos en Asunción. Si van para el centro, el río Paraguay les va a quedar a la derecha todo el camino. Gracias por acompañarnos.	la megafonía de cabina, para el pasaje · otra forma de decirlo
comandante	comandante/comandante.llegada.pettirossi~4.ogg	es-PY	Bienvenidos a Asunción. Silvio Pettirossi hacía acrobacias cuando volar era todavía cosa de valientes; nosotros hoy lo hicimos tranquilo. Gracias por venir.	la megafonía de cabina, para el pasaje · otra forma de decirlo
comandante	comandante/comandante.llegada.pettirossi~5.ogg	es-PY	Señores pasajeros, Asunción. Acá al lado está el Ñu Guasú, que de arriba se ve verde y de abajo también. Gracias por volar con nosotros.	la megafonía de cabina, para el pasaje · otra forma de decirlo
comandante	comandante/comandante.llegada.guarani.ogg	es-PY	Bienvenidos a Ciudad del Este. Si miran hacia el sur, por ahí andan las cataratas y tres países que se tocan en la misma esquina. Gracias por volar con nosotros.	la megafonía de cabina, para el pasaje
comandante	comandante/comandante.llegada.guarani~2.ogg	es-PY	Señores pasajeros, bienvenidos a Ciudad del Este. Acá cerca el Paraná mueve una de las represas más grandes del mundo. Gracias por acompañarnos.	la megafonía de cabina, para el pasaje · otra forma de decirlo
comandante	comandante/comandante.llegada.guarani~3.ogg	es-PY	Bienvenidos a Ciudad del Este. Desde este campo, cruzando el Puente de la Amistad, se está en Brasil en diez minutos. Gracias por volar con nosotros.	la megafonía de cabina, para el pasaje · otra forma de decirlo
comandante	comandante/comandante.llegada.guarani~4.ogg	es-PY	Señores pasajeros, estamos en Ciudad del Este. Si oyen un ruido de fondo que no es el motor, son las cataratas. Gracias por venir.	la megafonía de cabina, para el pasaje · otra forma de decirlo
comandante	comandante/comandante.llegada.guarani~5.ogg	es-PY	Bienvenidos a Ciudad del Este, en Alto Paraná. Tres países se tocan acá al lado, y cada uno con su bandera en la punta. Gracias por acompañarnos.	la megafonía de cabina, para el pasaje · otra forma de decirlo
comandante	comandante/comandante.llegada.encarnacion.ogg	es-PY	Señores pasajeros, estamos en Encarnación, a la orilla del Paraná. Gracias por venir — y si se quedan para el carnaval, abríguense poco.	la megafonía de cabina, para el pasaje
comandante	comandante/comandante.llegada.encarnacion~2.ogg	es-PY	Bienvenidos a Encarnación. Enfrente, al otro lado del Paraná, ya es Argentina: el puente se ve desde la ventanilla. Gracias por volar con nosotros.	la megafonía de cabina, para el pasaje · otra forma de decirlo
comandante	comandante/comandante.llegada.encarnacion~3.ogg	es-PY	Señores pasajeros, estamos en Encarnación. A media hora de acá están las ruinas de Trinidad, que llevan ahí desde antes que existiera el avión. Gracias por venir.	la megafonía de cabina, para el pasaje · otra forma de decirlo
comandante	comandante/comandante.llegada.encarnacion~4.ogg	es-PY	Bienvenidos a Encarnación, la perla del sur. Acá la playa es de río, y no por eso es menos playa. Gracias por acompañarnos.	la megafonía de cabina, para el pasaje · otra forma de decirlo
comandante	comandante/comandante.llegada.encarnacion~5.ogg	es-PY	Señores pasajeros, Encarnación. Bajen despacio la escalera, que después del carnaval las piernas no siempre responden. Gracias por volar con nosotros.	la megafonía de cabina, para el pasaje · otra forma de decirlo
comandante	comandante/comandante.llegada.estigarribia.ogg	es-PY	Bienvenidos a Mariscal Estigarribia, en pleno Chaco. Acá la pista es larguísima y el horizonte también. Gracias por volar con nosotros.	la megafonía de cabina, para el pasaje
comandante	comandante/comandante.llegada.estigarribia~2.ogg	es-PY	Señores pasajeros, bienvenidos a Mariscal Estigarribia. Esta pista mide más de tres kilómetros: sobra avión para lo que sobra asfalto. Gracias por acompañarnos.	la megafonía de cabina, para el pasaje · otra forma de decirlo
comandante	comandante/comandante.llegada.estigarribia~3.ogg	es-PY	Bienvenidos a Mariscal Estigarribia. Acá en el Chaco el aire se mueve poco y calienta mucho; tomen agua. Gracias por volar con nosotros.	la megafonía de cabina, para el pasaje · otra forma de decirlo
comandante	comandante/comandante.llegada.estigarribia~4.ogg	es-PY	Señores pasajeros, estamos en el Chaco Boreal. Desde acá hasta la próxima esquina hay más kilómetros que casas. Gracias por venir.	la megafonía de cabina, para el pasaje · otra forma de decirlo
comandante	comandante/comandante.llegada.estigarribia~5.ogg	es-PY	Bienvenidos a Mariscal Estigarribia. Al norte están las colonias, al sur el camino, y en medio esto: sitio. Gracias por acompañarnos.	la megafonía de cabina, para el pasaje · otra forma de decirlo
comandante	comandante/comandante.llegada.pedro-juan.ogg	es-PY	Señores pasajeros, bienvenidos a Pedro Juan Caballero, en Amambay. Acá la frontera con Brasil pasa por el medio de la calle. Gracias por acompañarnos.	la megafonía de cabina, para el pasaje
comandante	comandante/comandante.llegada.pedro-juan~2.ogg	es-PY	Bienvenidos a Pedro Juan Caballero. Si cruzan la avenida, ya están en Ponta Porã y en otro país, sin mostrar nada. Gracias por volar con nosotros.	la megafonía de cabina, para el pasaje · otra forma de decirlo
comandante	comandante/comandante.llegada.pedro-juan~3.ogg	es-PY	Señores pasajeros, estamos en Amambay. Acá los cerros se levantan de golpe en medio del campo, como si los hubieran puesto a mano. Gracias por venir.	la megafonía de cabina, para el pasaje · otra forma de decirlo
comandante	comandante/comandante.llegada.pedro-juan~4.ogg	es-PY	Bienvenidos a Pedro Juan Caballero. Cerro Corá queda acá cerca, y en ese parque se acabó la Guerra Grande. Gracias por acompañarnos.	la megafonía de cabina, para el pasaje · otra forma de decirlo
comandante	comandante/comandante.llegada.pedro-juan~5.ogg	es-PY	Señores pasajeros, Pedro Juan Caballero. Dos países, una calle y un solo aeropuerto: éste. Gracias por volar con nosotros.	la megafonía de cabina, para el pasaje · otra forma de decirlo
comandante	comandante/comandante.llegada.concepcion.ogg	es-PY	Señores pasajeros, bienvenidos a Concepción. Del otro lado del río Paraguay empieza el Chaco, y de acá para el norte el río es el camino. Gracias por volar con nosotros.	la megafonía de cabina, para el pasaje
comandante	comandante/comandante.llegada.concepcion~2.ogg	es-PY	Bienvenidos a Concepción. Por este río bajaban los barcos a Asunción cuando no había otro camino al norte. Gracias por acompañarnos.	la megafonía de cabina, para el pasaje · otra forma de decirlo
comandante	comandante/comandante.llegada.concepcion~3.ogg	es-PY	Señores pasajeros, estamos en Concepción. Enfrente, del otro lado del río Paraguay, ya es el Chaco: más de la mitad del país, y la parte donde vive menos gente. Gracias por venir.	la megafonía de cabina, para el pasaje · otra forma de decirlo
comandante	comandante/comandante.llegada.concepcion~4.ogg	es-PY	Bienvenidos a Concepción, la perla del norte. Desde acá, río arriba, están Vallemí, Fuerte Olimpo y Bahía Negra. Gracias por volar con nosotros.	la megafonía de cabina, para el pasaje · otra forma de decirlo
comandante	comandante/comandante.llegada.concepcion~5.ogg	es-PY	Señores pasajeros, Concepción. Doscientos kilómetros de Asunción en línea recta, y por el río bastantes más. Gracias por acompañarnos.	la megafonía de cabina, para el pasaje · otra forma de decirlo
comandante	comandante/comandante.llegada.ayolas.ogg	es-PY	Señores pasajeros, bienvenidos a Ayolas. A veinte kilómetros está Yacyretá, la represa que el Paraguay comparte con la Argentina sobre el Paraná. Gracias por volar con nosotros.	la megafonía de cabina, para el pasaje
comandante	comandante/comandante.llegada.ayolas~2.ogg	es-PY	Bienvenidos a Ayolas. Esta pista se hizo para la represa, y la cuida la Entidad Binacional Yacyretá. Gracias por acompañarnos.	la megafonía de cabina, para el pasaje · otra forma de decirlo
comandante	comandante/comandante.llegada.ayolas~3.ogg	es-PY	Señores pasajeros, estamos en Ayolas, en Misiones. Del otro lado del Paraná ya es la Argentina: Ituzaingó, en Corrientes. Gracias por venir.	la megafonía de cabina, para el pasaje · otra forma de decirlo
comandante	comandante/comandante.llegada.ayolas~4.ogg	es-PY	Bienvenidos a Ayolas. El pueblo lleva el nombre de Juan de Ayolas, uno de los primeros españoles que remontaron el Paraná y el Paraguay. Gracias por volar con nosotros.	la megafonía de cabina, para el pasaje · otra forma de decirlo
comandante	comandante/comandante.llegada.ayolas~5.ogg	es-PY	Señores pasajeros, Ayolas. Acá nadie nos habló por la radio: esta pista no tiene torre, y se aterriza mirando. Gracias por acompañarnos.	la megafonía de cabina, para el pasaje · otra forma de decirlo
comandante	comandante/comandante.llegada.pilar.ogg	es-PY	Señores pasajeros, bienvenidos a Pilar, la capital del Ñeembucú, a orillas del río Paraguay. Gracias por volar con nosotros.	la megafonía de cabina, para el pasaje
comandante	comandante/comandante.llegada.pilar~2.ogg	es-PY	Bienvenidos a Pilar. Río abajo está Humaitá, la fortaleza de la Guerra Grande que cerraba el paso a los barcos. Gracias por acompañarnos.	la megafonía de cabina, para el pasaje · otra forma de decirlo
comandante	comandante/comandante.llegada.pilar~3.ogg	es-PY	Señores pasajeros, estamos en el Ñeembucú: esteros, lagunas y cielo grande. Desde el aire se ve cuánta agua tiene esta tierra. Gracias por venir.	la megafonía de cabina, para el pasaje · otra forma de decirlo
comandante	comandante/comandante.llegada.pilar~4.ogg	es-PY	Bienvenidos a Pilar. Esta pista mide mil doscientos metros y dieciocho de ancho: por eso hoy vinimos en un avión chico. Gracias por volar con nosotros.	la megafonía de cabina, para el pasaje · otra forma de decirlo
comandante	comandante/comandante.llegada.pilar~5.ogg	es-PY	Señores pasajeros, Pilar. Del otro lado del río Paraguay ya es la Argentina. Gracias por acompañarnos.	la megafonía de cabina, para el pasaje · otra forma de decirlo
comandante	comandante/comandante.llegada.yvytu-rape.ogg	es-PY	Bienvenidos a Yvytu Rape, la pista de la Granja Óga. Acá no hay cintas ni pasillos: se baja, se estira uno y ya está en casa. Gracias por volar con nosotros.	la megafonía de cabina, para el pasaje
comandante	comandante/comandante.llegada.yvytu-rape~2.ogg	es-PY	Señores pasajeros, estamos en Yvytu Rape. El nombre quiere decir camino del viento, y hoy el viento nos dejó pasar. Gracias por acompañarnos.	la megafonía de cabina, para el pasaje · otra forma de decirlo
comandante	comandante/comandante.llegada.yvytu-rape~3.ogg	es-PY	Bienvenidos a la pista de la Granja Óga. Cuidado al bajar, que acá el pasto se moja de noche. Gracias por volar con nosotros.	la megafonía de cabina, para el pasaje · otra forma de decirlo
comandante	comandante/comandante.llegada.yvytu-rape~4.ogg	es-PY	Señores pasajeros, Yvytu Rape. Esto no tiene terminal, ni falta que hace: la casa está a cien metros. Gracias por venir.	la megafonía de cabina, para el pasaje · otra forma de decirlo
comandante	comandante/comandante.llegada.yvytu-rape~5.ogg	es-PY	Bienvenidos a Yvytu Rape. Si ven animales cerca de la pista, no se preocupen: viven acá y nosotros somos las visitas. Gracias por acompañarnos.	la megafonía de cabina, para el pasaje · otra forma de decirlo
comandante	comandante/comandante.llegada.valle-cordillera.ogg	es-PY	Señores pasajeros, bienvenidos al Valle de la Cordillera. Miren por la ventanilla antes de bajar, que esto de verde no se cansa. Gracias por venir.	la megafonía de cabina, para el pasaje
comandante	comandante/comandante.llegada.valle-cordillera~2.ogg	es-PY	Bienvenidos al Valle de la Cordillera. Estas lomas no son montañas, pero desde el aire disimulan muy bien. Gracias por volar con nosotros.	la megafonía de cabina, para el pasaje · otra forma de decirlo
comandante	comandante/comandante.llegada.valle-cordillera~3.ogg	es-PY	Señores pasajeros, estamos en el valle. Abajo hay río, y el río va para donde quiere. Gracias por venir.	la megafonía de cabina, para el pasaje · otra forma de decirlo
comandante	comandante/comandante.llegada.valle-cordillera~4.ogg	es-PY	Bienvenidos al Valle de la Cordillera. Acá el verde tiene como seis colores distintos y todos se llaman verde. Gracias por acompañarnos.	la megafonía de cabina, para el pasaje · otra forma de decirlo
comandante	comandante/comandante.llegada.valle-cordillera~5.ogg	es-PY	Señores pasajeros, el Valle de la Cordillera. Se aterriza mirando al campo, que es la mejor manera de aterrizar. Gracias por volar con nosotros.	la megafonía de cabina, para el pasaje · otra forma de decirlo
comandante	comandante/comandante.llegada.chaco.ogg	es-PY	Bienvenidos a la Llanura del Chaco. Acá el cielo empieza en el suelo y no se acaba nunca. Gracias por volar con nosotros.	la megafonía de cabina, para el pasaje
comandante	comandante/comandante.llegada.chaco~2.ogg	es-PY	Señores pasajeros, bienvenidos a la Llanura del Chaco. Acá no hay cuesta ninguna: se mire donde se mire, es recto. Gracias por acompañarnos.	la megafonía de cabina, para el pasaje · otra forma de decirlo
comandante	comandante/comandante.llegada.chaco~3.ogg	es-PY	Bienvenidos al Chaco. Si buscan una referencia en el horizonte, la referencia es el horizonte. Gracias por volar con nosotros.	la megafonía de cabina, para el pasaje · otra forma de decirlo
comandante	comandante/comandante.llegada.chaco~4.ogg	es-PY	Señores pasajeros, estamos en la llanura. De noche acá se ven estrellas que en la ciudad no existen. Gracias por venir.	la megafonía de cabina, para el pasaje · otra forma de decirlo
comandante	comandante/comandante.llegada.chaco~5.ogg	es-PY	Bienvenidos a la Llanura del Chaco. Poca gente, mucho bicho y un cielo enorme: eso es todo, y es bastante. Gracias por acompañarnos.	la megafonía de cabina, para el pasaje · otra forma de decirlo
comandante	comandante/comandante.llegada.tenerife-norte.ogg	es-PY	Señores pasajeros, bienvenidos a Tenerife Norte. Si al salir les recibe una nube, no se asusten: acá el mar de nubes llega hasta la puerta. Gracias por acompañarnos.	la megafonía de cabina, para el pasaje
comandante	comandante/comandante.llegada.tenerife-norte~2.ogg	es-PY	Bienvenidos a Tenerife Norte. Estamos a más de seiscientos metros sobre el mar, así que acá arriba abriga un poco más. Gracias por volar con nosotros.	la megafonía de cabina, para el pasaje · otra forma de decirlo
comandante	comandante/comandante.llegada.tenerife-norte~3.ogg	es-PY	Señores pasajeros, estamos en Los Rodeos. La Laguna queda acá al lado, y su casco viejo es Patrimonio de la Humanidad. Gracias por venir.	la megafonía de cabina, para el pasaje · otra forma de decirlo
comandante	comandante/comandante.llegada.tenerife-norte~4.ogg	es-PY	Bienvenidos a Tenerife Norte. Durante medio siglo éste fue el único aeropuerto de la isla; el del sur es el hermano pequeño. Gracias por acompañarnos.	la megafonía de cabina, para el pasaje · otra forma de decirlo
comandante	comandante/comandante.llegada.tenerife-norte~5.ogg	es-PY	Señores pasajeros, Tenerife Norte. Si el Teide se dejó ver en el camino, hoy tuvieron suerte. Gracias por volar con nosotros.	la megafonía de cabina, para el pasaje · otra forma de decirlo
comandante	comandante/comandante.llegada.tenerife-sur.ogg	es-PY	Bienvenidos a Tenerife Sur. Acá abajo casi siempre hace sol y casi siempre sopla — las dos cosas a la vez. Gracias por volar con nosotros.	la megafonía de cabina, para el pasaje
comandante	comandante/comandante.llegada.tenerife-sur~2.ogg	es-PY	Señores pasajeros, bienvenidos a Tenerife Sur. Este aeropuerto se abrió porque el del norte se llenaba de nubes; acá casi nunca. Gracias por acompañarnos.	la megafonía de cabina, para el pasaje · otra forma de decirlo
comandante	comandante/comandante.llegada.tenerife-sur~3.ogg	es-PY	Bienvenidos a Tenerife Sur, en Granadilla. Acá al lado, en El Médano, el viento se usa para navegar encima de una tabla. Gracias por volar con nosotros.	la megafonía de cabina, para el pasaje · otra forma de decirlo
comandante	comandante/comandante.llegada.tenerife-sur~4.ogg	es-PY	Señores pasajeros, estamos en el sur de Tenerife. Esa montaña colorada que se ve desde la pista es justo eso: colorada. Gracias por venir.	la megafonía de cabina, para el pasaje · otra forma de decirlo
comandante	comandante/comandante.llegada.tenerife-sur~5.ogg	es-PY	Bienvenidos a Tenerife Sur. Misma isla que el norte y otro clima: eso también es Canarias. Gracias por acompañarnos.	la megafonía de cabina, para el pasaje · otra forma de decirlo
comandante	comandante/comandante.llegada.gran-canaria.ogg	es-PY	Señores pasajeros, bienvenidos a Gran Canaria. Dicen que esta isla tiene todos los climas del mundo en una tarde; ya nos contarán. Gracias por venir.	la megafonía de cabina, para el pasaje
comandante	comandante/comandante.llegada.gran-canaria~2.ogg	es-PY	Bienvenidos a Gran Canaria. Este campo lo comparte la aviación civil con una base aérea, así que no se extrañen de los vecinos. Gracias por volar con nosotros.	la megafonía de cabina, para el pasaje · otra forma de decirlo
comandante	comandante/comandante.llegada.gran-canaria~3.ogg	es-PY	Señores pasajeros, estamos en Gando. Al sur están las dunas de Maspalomas, que son arena de verdad y no de mentira. Gracias por venir.	la megafonía de cabina, para el pasaje · otra forma de decirlo
comandante	comandante/comandante.llegada.gran-canaria~4.ogg	es-PY	Bienvenidos a Gran Canaria. A esta isla la llaman un continente en miniatura, y en una hora de coche se entiende por qué. Gracias por acompañarnos.	la megafonía de cabina, para el pasaje · otra forma de decirlo
comandante	comandante/comandante.llegada.gran-canaria~5.ogg	es-PY	Señores pasajeros, Gran Canaria. Si se van al centro de la isla, lleven algo de abrigo: allá arriba no es playa. Gracias por volar con nosotros.	la megafonía de cabina, para el pasaje · otra forma de decirlo
comandante	comandante/comandante.llegada.lanzarote.ogg	es-PY	Bienvenidos a Lanzarote. Esa tierra negra que ven no es sombra: es lava, y es más joven que casi todo lo demás. Gracias por volar con nosotros.	la megafonía de cabina, para el pasaje
comandante	comandante/comandante.llegada.lanzarote~2.ogg	es-PY	Señores pasajeros, bienvenidos a Lanzarote. Este aeropuerto lleva el nombre de César Manrique, que se pasó la vida peleando para que la isla siguiera pareciéndose a sí misma. Gracias por acompañarnos.	la megafonía de cabina, para el pasaje · otra forma de decirlo
comandante	comandante/comandante.llegada.lanzarote~3.ogg	es-PY	Bienvenidos a Lanzarote. En Timanfaya el suelo todavía está caliente a unos metros de profundidad. Gracias por volar con nosotros.	la megafonía de cabina, para el pasaje · otra forma de decirlo
comandante	comandante/comandante.llegada.lanzarote~4.ogg	es-PY	Señores pasajeros, estamos en Lanzarote. Acá las viñas crecen en hoyos cavados en la ceniza, una por hoyo. Gracias por venir.	la megafonía de cabina, para el pasaje · otra forma de decirlo
comandante	comandante/comandante.llegada.lanzarote~5.ogg	es-PY	Bienvenidos a Lanzarote. Los volcanes que ven estuvieron seis años seguidos en erupción, y de eso hace nada: el siglo dieciocho. Gracias por acompañarnos.	la megafonía de cabina, para el pasaje · otra forma de decirlo
comandante	comandante/comandante.llegada.fuerteventura.ogg	es-PY	Señores pasajeros, bienvenidos a Fuerteventura. Acá el viento es el que manda, y por eso la arena cambia de sitio. Gracias por acompañarnos.	la megafonía de cabina, para el pasaje
comandante	comandante/comandante.llegada.fuerteventura~2.ogg	es-PY	Bienvenidos a Fuerteventura. Ésta es la isla más vieja del archipiélago: lleva millones de años dejándose gastar por el viento. Gracias por volar con nosotros.	la megafonía de cabina, para el pasaje · otra forma de decirlo
comandante	comandante/comandante.llegada.fuerteventura~3.ogg	es-PY	Señores pasajeros, estamos en Fuerteventura. Al norte, en Corralejo, hay un desierto de arena que se mueve solo. Gracias por venir.	la megafonía de cabina, para el pasaje · otra forma de decirlo
comandante	comandante/comandante.llegada.fuerteventura~4.ogg	es-PY	Bienvenidos a Fuerteventura. Acá hay más cabras que gente, y el queso lo demuestra. Gracias por acompañarnos.	la megafonía de cabina, para el pasaje · otra forma de decirlo
comandante	comandante/comandante.llegada.fuerteventura~5.ogg	es-PY	Señores pasajeros, Fuerteventura. Las playas de esta isla se miden en kilómetros, no en metros. Gracias por volar con nosotros.	la megafonía de cabina, para el pasaje · otra forma de decirlo
comandante	comandante/comandante.llegada.la-palma.ogg	es-PY	Bienvenidos a La Palma. Acá arriba hay telescopios mirando el cielo, así que esta noche no miren la pantalla: miren para arriba. Gracias por volar con nosotros.	la megafonía de cabina, para el pasaje
comandante	comandante/comandante.llegada.la-palma~2.ogg	es-PY	Señores pasajeros, bienvenidos a La Palma. A esta isla la llaman la isla bonita, y desde el aire no hay mucho que discutir. Gracias por acompañarnos.	la megafonía de cabina, para el pasaje · otra forma de decirlo
comandante	comandante/comandante.llegada.la-palma~3.ogg	es-PY	Bienvenidos a La Palma. En el centro tiene una caldera enorme, y dentro caben barrancos, bosque y niebla. Gracias por volar con nosotros.	la megafonía de cabina, para el pasaje · otra forma de decirlo
comandante	comandante/comandante.llegada.la-palma~4.ogg	es-PY	Señores pasajeros, estamos en La Palma. Hace poco un volcán cambió el mapa de esta isla; lo que ven es más nuevo que ustedes. Gracias por venir.	la megafonía de cabina, para el pasaje · otra forma de decirlo
comandante	comandante/comandante.llegada.la-palma~5.ogg	es-PY	Bienvenidos a La Palma. Acá el cielo de noche está protegido por ley, para que se siga viendo. Gracias por acompañarnos.	la megafonía de cabina, para el pasaje · otra forma de decirlo
comandante	comandante/comandante.llegada.el-hierro.ogg	es-PY	Señores pasajeros, bienvenidos a El Hierro. Durante siglos esta isla fue el final del mapa: desde acá, ya no había nada dibujado. Gracias por venir.	la megafonía de cabina, para el pasaje
comandante	comandante/comandante.llegada.el-hierro~2.ogg	es-PY	Bienvenidos a El Hierro. Es la más pequeña y la más lejana, y llegar acá siempre tiene algo de hazaña. Gracias por volar con nosotros.	la megafonía de cabina, para el pasaje · otra forma de decirlo
comandante	comandante/comandante.llegada.el-hierro~3.ogg	es-PY	Señores pasajeros, estamos en El Hierro. Durante siglos los mapas empezaban a contar los grados desde esta isla. Gracias por venir.	la megafonía de cabina, para el pasaje · otra forma de decirlo
comandante	comandante/comandante.llegada.el-hierro~4.ogg	es-PY	Bienvenidos a El Hierro. Acá el viento y el agua le dan luz a la isla entera: se lo inventaron ellos. Gracias por acompañarnos.	la megafonía de cabina, para el pasaje · otra forma de decirlo
comandante	comandante/comandante.llegada.el-hierro~5.ogg	es-PY	Señores pasajeros, El Hierro. Hay sabinas retorcidas por el viento que llevan así cientos de años y no se quejan. Gracias por volar con nosotros.	la megafonía de cabina, para el pasaje · otra forma de decirlo
comandante	comandante/comandante.llegada.la-gomera.ogg	es-PY	Bienvenidos a La Gomera. Acá la gente se habla de un barranco a otro silbando, y se entiende todo. Gracias por volar con nosotros.	la megafonía de cabina, para el pasaje
comandante	comandante/comandante.llegada.la-gomera~2.ogg	es-PY	Señores pasajeros, bienvenidos a La Gomera. El silbo con el que se hablan acá está reconocido por la Unesco, y no es un juego: es un idioma. Gracias por acompañarnos.	la megafonía de cabina, para el pasaje · otra forma de decirlo
comandante	comandante/comandante.llegada.la-gomera~3.ogg	es-PY	Bienvenidos a La Gomera. Arriba, en Garajonay, hay un bosque de niebla que ya existía cuando Europa era otra cosa. Gracias por volar con nosotros.	la megafonía de cabina, para el pasaje · otra forma de decirlo
comandante	comandante/comandante.llegada.la-gomera~4.ogg	es-PY	Señores pasajeros, estamos en La Gomera. De San Sebastián salió Colón para el último viaje antes de América. Gracias por venir.	la megafonía de cabina, para el pasaje · otra forma de decirlo
comandante	comandante/comandante.llegada.la-gomera~5.ogg	es-PY	Bienvenidos a La Gomera. Esta isla es casi toda cuesta, así que lo llano que pisan ahora es raro. Gracias por acompañarnos.	la megafonía de cabina, para el pasaje · otra forma de decirlo
comandante	comandante/comandante.llegada.cuatro-vientos.ogg	es-PY	Señores pasajeros, bienvenidos a Cuatro Vientos. Este es el aeródromo más antiguo de España y todavía trabaja: no se jubila nadie acá. Gracias por acompañarnos.	la megafonía de cabina, para el pasaje
comandante	comandante/comandante.llegada.cuatro-vientos~2.ogg	es-PY	Bienvenidos a Cuatro Vientos. Acá se vuela desde mil novecientos once, y todavía no se han cansado. Gracias por volar con nosotros.	la megafonía de cabina, para el pasaje · otra forma de decirlo
comandante	comandante/comandante.llegada.cuatro-vientos~3.ogg	es-PY	Señores pasajeros, estamos en Cuatro Vientos. Al lado hay un museo lleno de aviones que ya no vuelan y merecen que se los mire. Gracias por venir.	la megafonía de cabina, para el pasaje · otra forma de decirlo
comandante	comandante/comandante.llegada.cuatro-vientos~4.ogg	es-PY	Bienvenidos a Cuatro Vientos. De este campo salió el avión que cruzó el Atlántico y le puso el nombre al sitio. Gracias por acompañarnos.	la megafonía de cabina, para el pasaje · otra forma de decirlo
comandante	comandante/comandante.llegada.cuatro-vientos~5.ogg	es-PY	Señores pasajeros, Cuatro Vientos. Acá aprenden a volar los que después van a los grandes: buen sitio para aterrizar. Gracias por volar con nosotros.	la megafonía de cabina, para el pasaje · otra forma de decirlo
tripulacion-canarias	tripulacion-canarias/tripulacion.canario.servicio.mango.ogg	es-PY	Señoras y señores, en unos minutos pasamos por el pasillo con el servicio a bordo: agua, y mango deshidratado de la Granja Óga. ¡Que lo disfruten!	la tripulación de cabina de Canarias, por megafonía
tripulacion-canarias	tripulacion-canarias/tripulacion.canario.servicio.pina.ogg	es-PY	Señoras y señores, en unos minutos pasamos por el pasillo con el servicio a bordo: agua, y piña deshidratada de la Granja Óga. ¡Que lo disfruten!	la tripulación de cabina de Canarias, por megafonía
tripulacion-canarias	tripulacion-canarias/tripulacion.canario.servicio.banana.ogg	es-PY	Señoras y señores, en unos minutos pasamos por el pasillo con el servicio a bordo: agua, y plátano deshidratado de la Granja Óga. ¡Que lo disfruten!	la tripulación de cabina de Canarias, por megafonía
tripulacion-canarias	tripulacion-canarias/tripulacion.canario.servicio.mani.ogg	es-PY	Señoras y señores, en unos minutos pasamos por el pasillo con el servicio a bordo: agua, y manises tostados de la Granja Óga. ¡Que lo disfruten!	la tripulación de cabina de Canarias, por megafonía
tripulacion-canarias	tripulacion-canarias/tripulacion.canario.servicio.mango.paraguay.ogg	es-PY	Señoras y señores, en unos minutos pasamos por el pasillo con el servicio a bordo: agua, y mango deshidratado; un sabor de Paraguay, de la Granja Óga. ¡Que lo disfruten!	la tripulación de cabina de Canarias, por megafonía
tripulacion-canarias	tripulacion-canarias/tripulacion.canario.servicio.pina.paraguay.ogg	es-PY	Señoras y señores, en unos minutos pasamos por el pasillo con el servicio a bordo: agua, y piña deshidratada; un sabor de Paraguay, de la Granja Óga. ¡Que lo disfruten!	la tripulación de cabina de Canarias, por megafonía
tripulacion-canarias	tripulacion-canarias/tripulacion.canario.servicio.banana.paraguay.ogg	es-PY	Señoras y señores, en unos minutos pasamos por el pasillo con el servicio a bordo: agua, y plátano deshidratado; un sabor de Paraguay, de la Granja Óga. ¡Que lo disfruten!	la tripulación de cabina de Canarias, por megafonía
tripulacion-canarias	tripulacion-canarias/tripulacion.canario.servicio.mani.paraguay.ogg	es-PY	Señoras y señores, en unos minutos pasamos por el pasillo con el servicio a bordo: agua, y manises tostados; un sabor de Paraguay, de la Granja Óga. ¡Que lo disfruten!	la tripulación de cabina de Canarias, por megafonía
tripulacion-canarias	tripulacion-canarias/tripulacion.canario.servicio.largo.ogg	es-PY	Y como el viaje es largo, también tenemos café y té.	la tripulación de cabina de Canarias, por megafonía
tripulacion-canarias	tripulacion-canarias/tripulacion.canario.cinturones.ogg	es-PY	Señoras y señores, se ha encendido la señal de cinturones. Por favor, abróchense el cinturón, pongan el respaldo recto y recojan la mesita. Muchas gracias.	la tripulación de cabina de Canarias, por megafonía
tripulacion-canarias	tripulacion-canarias/tripulacion.canario.mascaras.ogg	es-PY	Señoras y señores: tiren de la mascarilla hacia ustedes, colóquensela sobre la nariz y la boca y respiren con normalidad. Pónganse primero la suya y luego ayuden a quien lo necesite. Vamos a bajar a una altura donde se respira bien.	la tripulación de cabina de Canarias, por megafonía
tripulacion	tripulacion/tripulacion.servicio.mango.ogg	es-PY	Señoras y señores, en unos minutos pasamos por el pasillo con el servicio a bordo: agua fresca, y fruta deshidratada de mango de la Granja Óga. ¡Que lo disfruten!	la tripulación de cabina, por megafonía
tripulacion	tripulacion/tripulacion.servicio.pina.ogg	es-PY	Señoras y señores, en unos minutos pasamos por el pasillo con el servicio a bordo: agua fresca, y fruta deshidratada de piña de la Granja Óga. ¡Que lo disfruten!	la tripulación de cabina, por megafonía
tripulacion	tripulacion/tripulacion.servicio.banana.ogg	es-PY	Señoras y señores, en unos minutos pasamos por el pasillo con el servicio a bordo: agua fresca, y fruta deshidratada de banana de la Granja Óga. ¡Que lo disfruten!	la tripulación de cabina, por megafonía
tripulacion	tripulacion/tripulacion.servicio.mani.ogg	es-PY	Señoras y señores, en unos minutos pasamos por el pasillo con el servicio a bordo: agua fresca, y maní tostado de la Granja Óga. ¡Que lo disfruten!	la tripulación de cabina, por megafonía
tripulacion	tripulacion/tripulacion.servicio.chipa.ogg	es-PY	Señoras y señores, en unos minutos pasamos por el pasillo con el servicio a bordo: agua fresca, y chipa de la Granja Óga. ¡Que lo disfruten!	la tripulación de cabina, por megafonía
tripulacion	tripulacion/tripulacion.servicio.mbeju.ogg	es-PY	Señoras y señores, en unos minutos pasamos por el pasillo con el servicio a bordo: agua fresca, y mbejú de la Granja Óga. ¡Que lo disfruten!	la tripulación de cabina, por megafonía
tripulacion	tripulacion/tripulacion.servicio.largo.ogg	es-PY	Y como el viaje es largo, también tenemos café y té calentitos.	la tripulación de cabina, por megafonía
tripulacion	tripulacion/tripulacion.cinturones.ogg	es-PY	Señoras y señores, se encendió la señal de cinturones. Abróchense el cinturón, pongan el respaldo derechito y guarden la mesita, por favor. Muchas gracias.	la tripulación de cabina, por megafonía
tripulacion	tripulacion/tripulacion.mascaras.ogg	es-PY	Señoras y señores: tiren de la máscara hacia ustedes, pónganla sobre la nariz y la boca y respiren normal. Primero la suya, y después ayuden a los demás. Vamos a bajar a una altura donde se respira bien.	la tripulación de cabina, por megafonía
torre-canarias	torre-canarias/torre.canario.solo.subirNivel.ogg	es-PY	suba a nivel de vuelo	la torre de Canarias, que no vosea
torre	torre/torre.solo.subirNivel.ogg	es-PY	ascienda a nivel de vuelo	la lámpara de la torre, dicha en casa
cabina	cabina/cabina.v1.ogg	en	V one	el punto de no retorno del despegue
cabina	cabina/cabina.vr.ogg	en	rotate	la velocidad de rotación: tirar
cabina	cabina/cabina.terrainPullUp.ogg	en	terrain, pull up	aviso de terreno, el más urgente
cabina	cabina/cabina.tooLow.ogg	en	too low	vas bajo sobre el terreno
cabina	cabina/cabina.tooFast.ogg	en	too fast	veredicto de toma rápida
cabina	cabina/cabina.offTheRunway.ogg	en	off the runway	tomaste fuera de la pista
cabina	cabina/cabina.airspeed.ogg	en	airspeed	vas rápido en el aire
cabina	cabina/cabina.fourHundred.ogg	en	four hundred	cuenta de altura en la toma
cabina	cabina/cabina.threeHundred.ogg	en	three hundred	cuenta de altura en la toma
cabina	cabina/cabina.twoHundred.ogg	en	two hundred	cuenta de altura en la toma
cabina	cabina/cabina.positiveRate.ogg	en	positive rate	el avión sube de verdad: tren adentro
cabina	cabina/cabina.gearUp.ogg	en	gear up	meté el tren
cabina	cabina/cabina.gearDown.ogg	en	gear down	sacá el tren
cabina	cabina/cabina.sinkRate.ogg	en	sink rate	bajás muy rápido para lo bajo que estás
cabina	cabina/cabina.bankAngle.ogg	en	bank angle	el avión va demasiado inclinado
cabina	cabina/cabina.stall.ogg	en	stall, stall	el ala dejó de sustentar
cabina	cabina/cabina.traffic.ogg	en	traffic, traffic	otro avión cerca: mirá dónde dice la pantalla
cabina	cabina/cabina.autopilotDisconnect.ogg	en	autopilot disconnect	el piloto automático se soltó y los mandos son tuyos otra vez
cabina	cabina/cabina.minimums.ogg	en	minimums	la altura de decisión: o la ves, o te vas
cabina	cabina/cabina.cabin.ogg	en	cabin	la cabina pasó de diez mil pies: se fue el aire
cabina	cabina/cabina.slowDown.ogg	en	slow down	vas rápido en el suelo
cabina	cabina/cabina.tooHighComeDown.ogg	en	too high, come down	te pasaste el aro por arriba
cabina	cabina/cabina.tooLowClimb.ogg	en	too low, climb	te pasaste el aro por abajo
cabina	cabina/cabina.obstacleAhead.ogg	en	obstacle ahead	hay un edificio delante
cabina	cabina/cabina.goAround.ogg	en	going around. good decision	te fuiste al aire: bien hecho
cabina	cabina/cabina.weHaveAProblem.ogg	en	we have a problem	se rompió el avión
cabina	cabina/cabina.goAroundOrder.ogg	en	go around	la orden de irse al aire
cabina	cabina/cabina.airspeedLow.ogg	en	airspeed low	vas lento para la configuración
cabina	cabina/cabina.twentyFiveHundred.ogg	en	twenty five hundred	cuenta de la toma: el radar empieza a ver el suelo
cabina	cabina/cabina.oneThousand.ogg	en	one thousand	cuenta de la toma, en pies
cabina	cabina/cabina.fiveHundred.ogg	en	five hundred	cuenta de la toma, en pies
cabina	cabina/cabina.oneHundred.ogg	en	one hundred	cuenta de la toma, en pies
cabina	cabina/cabina.fifty.ogg	en	fifty	cuenta de la toma, en pies
cabina	cabina/cabina.forty.ogg	en	forty	cuenta de la toma, en pies
cabina	cabina/cabina.thirty.ogg	en	thirty	cuenta de la toma, en pies
cabina	cabina/cabina.twenty.ogg	en	twenty	cuenta de la toma, en pies
cabina	cabina/cabina.ten.ogg	en	ten	cuenta de la toma, en pies
otro	otro/fonetico.alfa.ogg	es	Alfa	una letra del indicativo
otro	otro/fonetico.bravo.ogg	es	Bravo	una letra del indicativo
otro	otro/fonetico.charlie.ogg	es	Charlie	una letra del indicativo
otro	otro/fonetico.delta.ogg	es	Delta	una letra del indicativo
otro	otro/fonetico.echo.ogg	es	Echo	una letra del indicativo
otro	otro/fonetico.foxtrot.ogg	es	Foxtrot	una letra del indicativo
otro	otro/fonetico.golf.ogg	es	Golf	una letra del indicativo
otro	otro/fonetico.hotel.ogg	es	Hotel	una letra del indicativo
otro	otro/fonetico.india.ogg	es	India	una letra del indicativo
otro	otro/fonetico.juliett.ogg	es	Juliett	una letra del indicativo
otro	otro/fonetico.kilo.ogg	es	Kilo	una letra del indicativo
otro	otro/fonetico.lima.ogg	es	Lima	una letra del indicativo
otro	otro/fonetico.mike.ogg	es	Mike	una letra del indicativo
otro	otro/fonetico.november.ogg	es	November	una letra del indicativo
otro	otro/fonetico.oscar.ogg	es	Oscar	una letra del indicativo
otro	otro/fonetico.papa.ogg	es	Papa	una letra del indicativo
otro	otro/fonetico.quebec.ogg	es	Quebec	una letra del indicativo
otro	otro/fonetico.romeo.ogg	es	Romeo	una letra del indicativo
otro	otro/fonetico.sierra.ogg	es	Sierra	una letra del indicativo
otro	otro/fonetico.tango.ogg	es	Tango	una letra del indicativo
otro	otro/fonetico.uniform.ogg	es	Uniform	una letra del indicativo
otro	otro/fonetico.victor.ogg	es	Victor	una letra del indicativo
otro	otro/fonetico.whiskey.ogg	es	Whiskey	una letra del indicativo
otro	otro/fonetico.xray.ogg	es	X-ray	una letra del indicativo
otro	otro/fonetico.yankee.ogg	es	Yankee	una letra del indicativo
otro	otro/fonetico.zulu.ogg	es	Zulu	una letra del indicativo
instructor	instructor/matricula.nuestroAvion.ogg	es-PY	Nuestro avión es	al empezar, antes de las letras de la matrícula
instructor	instructor/matricula.asiNosLlama.ogg	es-PY	Así nos llama la torre.	y detrás de las letras
instructor	instructor/fonetico.alfa.ogg	es-PY	Alfa	una letra de nuestra matrícula, dicha al empezar
instructor	instructor/fonetico.bravo.ogg	es-PY	Bravo	una letra de nuestra matrícula, dicha al empezar
instructor	instructor/fonetico.charlie.ogg	es-PY	Charlie	una letra de nuestra matrícula, dicha al empezar
instructor	instructor/fonetico.delta.ogg	es-PY	Delta	una letra de nuestra matrícula, dicha al empezar
instructor	instructor/fonetico.echo.ogg	es-PY	Echo	una letra de nuestra matrícula, dicha al empezar
instructor	instructor/fonetico.foxtrot.ogg	es-PY	Foxtrot	una letra de nuestra matrícula, dicha al empezar
instructor	instructor/fonetico.golf.ogg	es-PY	Golf	una letra de nuestra matrícula, dicha al empezar
instructor	instructor/fonetico.hotel.ogg	es-PY	Hotel	una letra de nuestra matrícula, dicha al empezar
instructor	instructor/fonetico.india.ogg	es-PY	India	una letra de nuestra matrícula, dicha al empezar
instructor	instructor/fonetico.juliett.ogg	es-PY	Juliett	una letra de nuestra matrícula, dicha al empezar
instructor	instructor/fonetico.kilo.ogg	es-PY	Kilo	una letra de nuestra matrícula, dicha al empezar
instructor	instructor/fonetico.lima.ogg	es-PY	Lima	una letra de nuestra matrícula, dicha al empezar
instructor	instructor/fonetico.mike.ogg	es-PY	Mike	una letra de nuestra matrícula, dicha al empezar
instructor	instructor/fonetico.november.ogg	es-PY	November	una letra de nuestra matrícula, dicha al empezar
instructor	instructor/fonetico.oscar.ogg	es-PY	Oscar	una letra de nuestra matrícula, dicha al empezar
instructor	instructor/fonetico.papa.ogg	es-PY	Papa	una letra de nuestra matrícula, dicha al empezar
instructor	instructor/fonetico.quebec.ogg	es-PY	Quebec	una letra de nuestra matrícula, dicha al empezar
instructor	instructor/fonetico.romeo.ogg	es-PY	Romeo	una letra de nuestra matrícula, dicha al empezar
instructor	instructor/fonetico.sierra.ogg	es-PY	Sierra	una letra de nuestra matrícula, dicha al empezar
instructor	instructor/fonetico.tango.ogg	es-PY	Tango	una letra de nuestra matrícula, dicha al empezar
instructor	instructor/fonetico.uniform.ogg	es-PY	Uniform	una letra de nuestra matrícula, dicha al empezar
instructor	instructor/fonetico.victor.ogg	es-PY	Victor	una letra de nuestra matrícula, dicha al empezar
instructor	instructor/fonetico.whiskey.ogg	es-PY	Whiskey	una letra de nuestra matrícula, dicha al empezar
instructor	instructor/fonetico.xray.ogg	es-PY	X-ray	una letra de nuestra matrícula, dicha al empezar
instructor	instructor/fonetico.yankee.ogg	es-PY	Yankee	una letra de nuestra matrícula, dicha al empezar
instructor	instructor/fonetico.zulu.ogg	es-PY	Zulu	una letra de nuestra matrícula, dicha al empezar
otro	otro/otro.solo.buenosDias.ogg	es	Buenos días,	el saludo, antes del indicativo
otro	otro/otro.solo.rodando.ogg	es	rodando a la cabecera	sale del puesto
otro	otro/otro.solo.enCola.ogg	es	viento en cola	entra en el circuito
otro	otro/otro.solo.final.ogg	es	en final	ya viene a la pista
otro	otro/otro.solo.pistaLibre.ogg	es	pista libre	y la deja
torre	torre/fonetico.alfa.ogg	en	Alfa	una letra de la matrícula
torre	torre/fonetico.bravo.ogg	en	Bravo	una letra de la matrícula
torre	torre/fonetico.charlie.ogg	en	Charlie	una letra de la matrícula
torre	torre/fonetico.delta.ogg	en	Delta	una letra de la matrícula
torre	torre/fonetico.echo.ogg	en	Echo	una letra de la matrícula
torre	torre/fonetico.foxtrot.ogg	en	Foxtrot	una letra de la matrícula
torre	torre/fonetico.golf.ogg	en	Golf	una letra de la matrícula
torre	torre/fonetico.hotel.ogg	en	Hotel	una letra de la matrícula
torre	torre/fonetico.india.ogg	en	India	una letra de la matrícula
torre	torre/fonetico.juliett.ogg	en	Juliett	una letra de la matrícula
torre	torre/fonetico.kilo.ogg	en	Kilo	una letra de la matrícula
torre	torre/fonetico.lima.ogg	en	Lima	una letra de la matrícula
torre	torre/fonetico.mike.ogg	en	Mike	una letra de la matrícula
torre	torre/fonetico.november.ogg	en	November	una letra de la matrícula
torre	torre/fonetico.oscar.ogg	en	Oscar	una letra de la matrícula
torre	torre/fonetico.papa.ogg	en	Papa	una letra de la matrícula
torre	torre/fonetico.quebec.ogg	en	Quebec	una letra de la matrícula
torre	torre/fonetico.romeo.ogg	en	Romeo	una letra de la matrícula
torre	torre/fonetico.sierra.ogg	en	Sierra	una letra de la matrícula
torre	torre/fonetico.tango.ogg	en	Tango	una letra de la matrícula
torre	torre/fonetico.uniform.ogg	en	Uniform	una letra de la matrícula
torre	torre/fonetico.victor.ogg	en	Victor	una letra de la matrícula
torre	torre/fonetico.whiskey.ogg	en	Whiskey	una letra de la matrícula
torre	torre/fonetico.xray.ogg	en	X-ray	una letra de la matrícula
torre	torre/fonetico.yankee.ogg	en	Yankee	una letra de la matrícula
torre	torre/fonetico.zulu.ogg	en	Zulu	una letra de la matrícula
torre	torre/cifra.0.ogg	en	zero	una cifra del número de pista
torre	torre/cifra.1.ogg	en	one	una cifra del número de pista
torre	torre/cifra.2.ogg	en	two	una cifra del número de pista
torre	torre/cifra.3.ogg	en	three	una cifra del número de pista
torre	torre/cifra.4.ogg	en	four	una cifra del número de pista
torre	torre/cifra.5.ogg	en	five	una cifra del número de pista
torre	torre/cifra.6.ogg	en	six	una cifra del número de pista
torre	torre/cifra.7.ogg	en	seven	una cifra del número de pista
torre	torre/cifra.8.ogg	en	eight	una cifra del número de pista
torre	torre/cifra.9.ogg	en	niner	una cifra del número de pista
torre	torre/torre.solo.runway.ogg	en	runway	antes del número de pista
torre	torre/lado.left.ogg	en	left	pista izquierda, donde hay dos paralelas
torre	torre/lado.right.ogg	en	right	pista derecha
torre	torre/lado.center.ogg	en	center	y la del medio, si algún día hay tres
torre	torre/torre.solo.clearedTakeoff.ogg	en	cleared for take-off	el permiso
torre	torre/torre.solo.clearedLand.ogg	en	cleared to land	el de llegada
torre	torre/torre.solo.goAround.ogg	en	go around, runway occupied	la pista está ocupada
torre	torre/torre.solo.holdShort.ogg	en	hold short of the runway	pará en la doble raya
torre	torre/torre.solo.vacateNext.ogg	en	vacate next available	te pasaste la salida: dejá la pista por la próxima
torre	torre/torre.solo.landingTraffic.ogg	en	landing traffic	se espera: uno viene a aterrizar
torre	torre/torre.solo.departingTraffic.ogg	en	departing traffic	se espera: uno sale antes
torre	torre/torre.solo.lineUpWait.ogg	en	line up and wait	entrá y esperá en el eje
torre	torre/torre.solo.clearedTo.ogg	en	cleared to	la autorización, antes del destino
torre	torre/torre.solo.climbTo.ogg	en	climb to	la autorización de altitud, antes de la altura
torre	torre/torre.solo.runwayInUse.ogg	en	runway in use	la pista en uso, antes de su número
torre	torre/torre.solo.goAroundSolo.ogg	en	go around	al aire, sin más: el porqué va detrás
torre	torre/torre.solo.rogerMayday.ogg	en	roger, Mayday	la torre oyó la llamada de socorro
torre	torre/torre.solo.birdsOnFinal.ogg	en	caution, flock of birds on final	aves en la final; detrás, a cuántos pies
torre	torre/torre.solo.free.ogg	en	free	un AFIS: la pista, libre; detrás de su número
torre	torre/torre.solo.occupied.ogg	en	occupied	un AFIS: la pista, ocupada; detrás de su número
torre	torre/torre.solo.noReportedTraffic.ogg	en	no reported traffic	un AFIS: sin tráfico conocido, detrás de la pista en uso
torre	torre/viento.wind.ogg	en	wind	el viento, antes de la dirección
torre	torre/viento.degrees.ogg	en	degrees	detrás de la dirección del viento
torre	torre/viento.knots.ogg	en	knots	detrás de la fuerza del viento
torre	torre/viento.calm.ogg	en	calm	sin viento: «wind calm»
torre	torre/viento.variable.ogg	en	variable	viento sin dirección fija
torre	torre/trafico.traffic.ogg	en	traffic	información de tráfico: empieza así
torre	torre/trafico.hora.1.ogg	en	one o'clock	dónde está el otro, en la hora del reloj
torre	torre/trafico.hora.2.ogg	en	two o'clock	dónde está el otro, en la hora del reloj
torre	torre/trafico.hora.3.ogg	en	three o'clock	dónde está el otro, en la hora del reloj
torre	torre/trafico.hora.4.ogg	en	four o'clock	dónde está el otro, en la hora del reloj
torre	torre/trafico.hora.5.ogg	en	five o'clock	dónde está el otro, en la hora del reloj
torre	torre/trafico.hora.6.ogg	en	six o'clock	dónde está el otro, en la hora del reloj
torre	torre/trafico.hora.7.ogg	en	seven o'clock	dónde está el otro, en la hora del reloj
torre	torre/trafico.hora.8.ogg	en	eight o'clock	dónde está el otro, en la hora del reloj
torre	torre/trafico.hora.9.ogg	en	nine o'clock	dónde está el otro, en la hora del reloj
torre	torre/trafico.hora.10.ogg	en	ten o'clock	dónde está el otro, en la hora del reloj
torre	torre/trafico.hora.11.ogg	en	eleven o'clock	dónde está el otro, en la hora del reloj
torre	torre/trafico.hora.12.ogg	en	twelve o'clock	dónde está el otro, en la hora del reloj
torre	torre/trafico.millas.1.ogg	en	one mile	a qué distancia
torre	torre/trafico.millas.2.ogg	en	two miles	a qué distancia
torre	torre/trafico.millas.3.ogg	en	three miles	a qué distancia
torre	torre/trafico.millas.4.ogg	en	four miles	a qué distancia
torre	torre/trafico.millas.5.ogg	en	five miles	a qué distancia
torre	torre/trafico.millas.6.ogg	en	six miles	a qué distancia
torre	torre/trafico.pies.3.ogg	en	three hundred feet	cuánto más alto o más bajo
torre	torre/trafico.pies.4.ogg	en	four hundred feet	cuánto más alto o más bajo
torre	torre/trafico.pies.5.ogg	en	five hundred feet	cuánto más alto o más bajo
torre	torre/trafico.pies.6.ogg	en	six hundred feet	cuánto más alto o más bajo
torre	torre/trafico.pies.7.ogg	en	seven hundred feet	cuánto más alto o más bajo
torre	torre/trafico.pies.8.ogg	en	eight hundred feet	cuánto más alto o más bajo
torre	torre/trafico.pies.9.ogg	en	niner hundred feet	cuánto más alto o más bajo
torre	torre/trafico.pies.10.ogg	en	one thousand feet	cuánto más alto o más bajo
torre	torre/trafico.pies.11.ogg	en	one thousand one hundred feet	cuánto más alto o más bajo
torre	torre/trafico.pies.12.ogg	en	one thousand two hundred feet	cuánto más alto o más bajo
torre	torre/trafico.above.ogg	en	above	va por encima
torre	torre/trafico.below.ogg	en	below	va por debajo
torre	torre/trafico.sameLevel.ogg	en	same level	va a tu misma altura
torre	torre/altura.nivel.ogg	en	flight level	delante de las tres cifras de un nivel
torre	torre/altura.pies.2.ogg	en	two thousand feet	una altitud por debajo de la transición
torre	torre/altura.pies.3.ogg	en	three thousand feet	una altitud por debajo de la transición
torre	torre/altura.pies.4.ogg	en	four thousand feet	una altitud por debajo de la transición
torre	torre/altura.pies.5.ogg	en	five thousand feet	una altitud por debajo de la transición
torre	torre/altura.pies.6.ogg	en	six thousand feet	una altitud por debajo de la transición
torre	torre/torre.solo.pista.ogg	es	pista	la pista que nombra la verde, antes de su número
torre	torre/torre.solo.autorizadoDespegar.ogg	es	autorizado a despegar	la lámpara verde en el punto de espera: autorizado a despegar
torre	torre/torre.solo.autorizadoParaAterrizar.ogg	es	autorizado para aterrizar	la lámpara verde con el avión en el aire: autorizado para aterrizar
torre	torre/torre.solo.mantengaFuera.ogg	es	mantenga fuera de pista	la lámpara roja en el punto de espera: no entrar; detrás, las cifras de la pista
torre	torre/torre.solo.autorizadoA.ogg	es	autorizado a	a dónde se va, antes de rodar; el campo va detrás
torre	torre/torre.solo.idaAlAire.ogg	es	ida al aire	la lámpara roja en el aire: la orden de irse al aire
torre	torre/cifra.es.0.ogg	es	cero	una cifra de la pista, en castellano
torre	torre/cifra.es.1.ogg	es	uno	una cifra de la pista, en castellano
torre	torre/cifra.es.2.ogg	es	dos	una cifra de la pista, en castellano
torre	torre/cifra.es.3.ogg	es	tres	una cifra de la pista, en castellano
torre	torre/cifra.es.4.ogg	es	cuatro	una cifra de la pista, en castellano
torre	torre/cifra.es.5.ogg	es	cinco	una cifra de la pista, en castellano
torre	torre/cifra.es.6.ogg	es	seis	una cifra de la pista, en castellano
torre	torre/cifra.es.7.ogg	es	siete	una cifra de la pista, en castellano
torre	torre/cifra.es.8.ogg	es	ocho	una cifra de la pista, en castellano
torre	torre/cifra.es.9.ogg	es	nueve	una cifra de la pista, en castellano
torre	torre/lado.es.izquierda.ogg	es	izquierda	el lado de la pista, donde hay dos paralelas
torre	torre/lado.es.derecha.ogg	es	derecha	el lado de la pista, donde hay dos paralelas
torre	torre/lado.es.central.ogg	es	central	el lado de la pista, donde hay dos paralelas
torre-canarias	torre-canarias/torre.canario.solo.pista.ogg	es	pista	la pista que nombra la verde, antes de su número
torre-canarias	torre-canarias/torre.canario.solo.autorizadoDespegar.ogg	es	autorizado a despegar	la lámpara verde en el punto de espera: autorizado a despegar
torre-canarias	torre-canarias/torre.canario.solo.autorizadoParaAterrizar.ogg	es	autorizado para aterrizar	la lámpara verde con el avión en el aire: autorizado para aterrizar
torre-canarias	torre-canarias/torre.canario.solo.mantengaFuera.ogg	es	mantenga fuera de pista	la lámpara roja en el punto de espera: no entrar; detrás, las cifras de la pista
torre-canarias	torre-canarias/torre.canario.solo.autorizadoA.ogg	es	autorizado a	a dónde se va, antes de rodar; el campo va detrás
torre-canarias	torre-canarias/torre.canario.solo.motorYAlAire.ogg	es	motor y al aire	la lámpara roja en el aire: la orden de irse al aire
torre-canarias	torre-canarias/cifra.es.0.ogg	es	cero	una cifra de la pista, en castellano
torre-canarias	torre-canarias/cifra.es.1.ogg	es	uno	una cifra de la pista, en castellano
torre-canarias	torre-canarias/cifra.es.2.ogg	es	dos	una cifra de la pista, en castellano
torre-canarias	torre-canarias/cifra.es.3.ogg	es	tres	una cifra de la pista, en castellano
torre-canarias	torre-canarias/cifra.es.4.ogg	es	cuatro	una cifra de la pista, en castellano
torre-canarias	torre-canarias/cifra.es.5.ogg	es	cinco	una cifra de la pista, en castellano
torre-canarias	torre-canarias/cifra.es.6.ogg	es	seis	una cifra de la pista, en castellano
torre-canarias	torre-canarias/cifra.es.7.ogg	es	siete	una cifra de la pista, en castellano
torre-canarias	torre-canarias/cifra.es.8.ogg	es	ocho	una cifra de la pista, en castellano
torre-canarias	torre-canarias/cifra.es.9.ogg	es	nueve	una cifra de la pista, en castellano
torre-canarias	torre-canarias/lado.es.izquierda.ogg	es	izquierda	el lado de la pista, donde hay dos paralelas
torre-canarias	torre-canarias/lado.es.derecha.ogg	es	derecha	el lado de la pista, donde hay dos paralelas
torre-canarias	torre-canarias/lado.es.central.ogg	es	central	el lado de la pista, donde hay dos paralelas
torre	torre/torre.solo.afisLibre.ogg	es	pista libre	un AFIS: la pista está libre, y decidís vos
torre-canarias	torre-canarias/torre.canario.solo.afisLibre.ogg	es	pista libre	un AFIS: la pista está libre, y decidís vos
torre	torre/torre.solo.afisOcupada.ogg	es	pista ocupada	un AFIS: hay alguien en la pista
torre-canarias	torre-canarias/torre.canario.solo.afisOcupada.ogg	es	pista ocupada	un AFIS: hay alguien en la pista
torre	torre/torre.solo.afisSinTrafico.ogg	es	sin tráfico conocido	un AFIS: no sabe de nadie más
torre-canarias	torre-canarias/torre.canario.solo.afisSinTrafico.ogg	es	sin tráfico conocido	un AFIS: no sabe de nadie más
torre	torre/torre.solo.afisTraficoAterriza.ogg	es	tráfico aterrizando	un AFIS: viene uno a aterrizar
torre-canarias	torre-canarias/torre.canario.solo.afisTraficoAterriza.ogg	es	tráfico aterrizando	un AFIS: viene uno a aterrizar
torre	torre/torre.solo.afisTraficoDespega.ogg	es	tráfico despegando	un AFIS: sale uno antes
torre-canarias	torre-canarias/torre.canario.solo.afisTraficoDespega.ogg	es	tráfico despegando	un AFIS: sale uno antes
torre	torre/destino.pettirossi.ogg	es	Asunción	el destino, en la autorización de la torre
torre	torre/destino.guarani.ogg	es	Guaraní	el destino, en la autorización de la torre
torre	torre/destino.encarnacion.ogg	es	Encarnación	el destino, en la autorización de la torre
torre	torre/destino.yvytu-rape.ogg	es	Yvytu Rape	el destino, en la autorización de la torre
torre	torre/destino.concepcion.ogg	es	Concepción	el destino, en la autorización de la torre
torre	torre/destino.pedro-juan.ogg	es	Pedro Juan Caballero	el destino, en la autorización de la torre
torre	torre/destino.estigarribia.ogg	es	Mariscal Estigarribia	el destino, en la autorización de la torre
torre	torre/destino.ayolas.ogg	es	Ayolas	el destino, en la autorización de la torre
torre	torre/destino.pilar.ogg	es	Pilar	el destino, en la autorización de la torre
torre-canarias	torre-canarias/destino.tenerife-norte.ogg	es	Tenerife Norte	el destino, en la autorización de la torre
torre-canarias	torre-canarias/destino.tenerife-sur.ogg	es	Tenerife Sur	el destino, en la autorización de la torre
torre-canarias	torre-canarias/destino.gran-canaria.ogg	es	Gran Canaria	el destino, en la autorización de la torre
torre-canarias	torre-canarias/destino.lanzarote.ogg	es	Lanzarote	el destino, en la autorización de la torre
torre-canarias	torre-canarias/destino.fuerteventura.ogg	es	Fuerteventura	el destino, en la autorización de la torre
torre-canarias	torre-canarias/destino.la-palma.ogg	es	La Palma	el destino, en la autorización de la torre
torre-canarias	torre-canarias/destino.el-hierro.ogg	es	El Hierro	el destino, en la autorización de la torre
torre-canarias	torre-canarias/destino.la-gomera.ogg	es	La Gomera	el destino, en la autorización de la torre
torre-canarias	torre-canarias/fonetico.alfa.ogg	en	Alfa	una letra de la matrícula, dicha en Canarias
torre-canarias	torre-canarias/fonetico.bravo.ogg	en	Bravo	una letra de la matrícula, dicha en Canarias
torre-canarias	torre-canarias/fonetico.charlie.ogg	en	Charlie	una letra de la matrícula, dicha en Canarias
torre-canarias	torre-canarias/fonetico.delta.ogg	en	Delta	una letra de la matrícula, dicha en Canarias
torre-canarias	torre-canarias/fonetico.echo.ogg	en	Echo	una letra de la matrícula, dicha en Canarias
torre-canarias	torre-canarias/fonetico.foxtrot.ogg	en	Foxtrot	una letra de la matrícula, dicha en Canarias
torre-canarias	torre-canarias/fonetico.golf.ogg	en	Golf	una letra de la matrícula, dicha en Canarias
torre-canarias	torre-canarias/fonetico.hotel.ogg	en	Hotel	una letra de la matrícula, dicha en Canarias
torre-canarias	torre-canarias/fonetico.india.ogg	en	India	una letra de la matrícula, dicha en Canarias
torre-canarias	torre-canarias/fonetico.juliett.ogg	en	Juliett	una letra de la matrícula, dicha en Canarias
torre-canarias	torre-canarias/fonetico.kilo.ogg	en	Kilo	una letra de la matrícula, dicha en Canarias
torre-canarias	torre-canarias/fonetico.lima.ogg	en	Lima	una letra de la matrícula, dicha en Canarias
torre-canarias	torre-canarias/fonetico.mike.ogg	en	Mike	una letra de la matrícula, dicha en Canarias
torre-canarias	torre-canarias/fonetico.november.ogg	en	November	una letra de la matrícula, dicha en Canarias
torre-canarias	torre-canarias/fonetico.oscar.ogg	en	Oscar	una letra de la matrícula, dicha en Canarias
torre-canarias	torre-canarias/fonetico.papa.ogg	en	Papa	una letra de la matrícula, dicha en Canarias
torre-canarias	torre-canarias/fonetico.quebec.ogg	en	Quebec	una letra de la matrícula, dicha en Canarias
torre-canarias	torre-canarias/fonetico.romeo.ogg	en	Romeo	una letra de la matrícula, dicha en Canarias
torre-canarias	torre-canarias/fonetico.sierra.ogg	en	Sierra	una letra de la matrícula, dicha en Canarias
torre-canarias	torre-canarias/fonetico.tango.ogg	en	Tango	una letra de la matrícula, dicha en Canarias
torre-canarias	torre-canarias/fonetico.uniform.ogg	en	Uniform	una letra de la matrícula, dicha en Canarias
torre-canarias	torre-canarias/fonetico.victor.ogg	en	Victor	una letra de la matrícula, dicha en Canarias
torre-canarias	torre-canarias/fonetico.whiskey.ogg	en	Whiskey	una letra de la matrícula, dicha en Canarias
torre-canarias	torre-canarias/fonetico.xray.ogg	en	X-ray	una letra de la matrícula, dicha en Canarias
torre-canarias	torre-canarias/fonetico.yankee.ogg	en	Yankee	una letra de la matrícula, dicha en Canarias
torre-canarias	torre-canarias/fonetico.zulu.ogg	en	Zulu	una letra de la matrícula, dicha en Canarias
torre-canarias	torre-canarias/cifra.0.ogg	en	zero	una cifra del número de pista, dicha en Canarias
torre-canarias	torre-canarias/cifra.1.ogg	en	one	una cifra del número de pista, dicha en Canarias
torre-canarias	torre-canarias/cifra.2.ogg	en	two	una cifra del número de pista, dicha en Canarias
torre-canarias	torre-canarias/cifra.3.ogg	en	three	una cifra del número de pista, dicha en Canarias
torre-canarias	torre-canarias/cifra.4.ogg	en	four	una cifra del número de pista, dicha en Canarias
torre-canarias	torre-canarias/cifra.5.ogg	en	five	una cifra del número de pista, dicha en Canarias
torre-canarias	torre-canarias/cifra.6.ogg	en	six	una cifra del número de pista, dicha en Canarias
torre-canarias	torre-canarias/cifra.7.ogg	en	seven	una cifra del número de pista, dicha en Canarias
torre-canarias	torre-canarias/cifra.8.ogg	en	eight	una cifra del número de pista, dicha en Canarias
torre-canarias	torre-canarias/cifra.9.ogg	en	niner	una cifra del número de pista, dicha en Canarias
torre-canarias	torre-canarias/torre.canario.solo.runway.ogg	en	runway	antes del número de pista, en Canarias
torre-canarias	torre-canarias/lado.left.ogg	en	left	pista izquierda, donde hay dos paralelas, en Canarias
torre-canarias	torre-canarias/lado.right.ogg	en	right	pista derecha, en Canarias
torre-canarias	torre-canarias/lado.center.ogg	en	center	y la del medio, si algún día hay tres, en Canarias
torre-canarias	torre-canarias/torre.canario.solo.clearedTakeoff.ogg	en	cleared for take-off	el permiso, en Canarias
torre-canarias	torre-canarias/torre.canario.solo.clearedLand.ogg	en	cleared to land	el de llegada, en Canarias
torre-canarias	torre-canarias/torre.canario.solo.goAround.ogg	en	go around, runway occupied	la pista está ocupada, en Canarias
torre-canarias	torre-canarias/torre.canario.solo.holdShort.ogg	en	hold short of the runway	pará en la doble raya, en Canarias
torre-canarias	torre-canarias/torre.canario.solo.vacateNext.ogg	en	vacate next available	te pasaste la salida: dejá la pista por la próxima, en Canarias
torre-canarias	torre-canarias/torre.canario.solo.landingTraffic.ogg	en	landing traffic	se espera: uno viene a aterrizar, en Canarias
torre-canarias	torre-canarias/torre.canario.solo.departingTraffic.ogg	en	departing traffic	se espera: uno sale antes, en Canarias
torre-canarias	torre-canarias/torre.canario.solo.lineUpWait.ogg	en	line up and wait	entrá y esperá en el eje, en Canarias
torre-canarias	torre-canarias/torre.canario.solo.clearedTo.ogg	en	cleared to	la autorización, antes del destino, en Canarias
torre-canarias	torre-canarias/torre.canario.solo.climbTo.ogg	en	climb to	la autorización de altitud, antes de la altura, en Canarias
torre-canarias	torre-canarias/torre.canario.solo.runwayInUse.ogg	en	runway in use	la pista en uso, antes de su número, en Canarias
torre-canarias	torre-canarias/torre.canario.solo.goAroundSolo.ogg	en	go around	al aire, sin más: el porqué va detrás, en Canarias
torre-canarias	torre-canarias/torre.canario.solo.rogerMayday.ogg	en	roger, Mayday	la torre oyó la llamada de socorro, en Canarias
torre-canarias	torre-canarias/torre.canario.solo.birdsOnFinal.ogg	en	caution, birds on final	aves en la final; detrás, a cuántos pies, en Canarias
torre-canarias	torre-canarias/torre.canario.solo.free.ogg	en	free	un AFIS: la pista, libre; detrás de su número, en Canarias
torre-canarias	torre-canarias/torre.canario.solo.occupied.ogg	en	occupied	un AFIS: la pista, ocupada; detrás de su número, en Canarias
torre-canarias	torre-canarias/torre.canario.solo.noReportedTraffic.ogg	en	no reported traffic	un AFIS: sin tráfico conocido, detrás de la pista en uso, en Canarias
torre-canarias	torre-canarias/viento.wind.ogg	en	wind	el viento, antes de la dirección, en Canarias
torre-canarias	torre-canarias/viento.degrees.ogg	en	degrees	detrás de la dirección del viento, en Canarias
torre-canarias	torre-canarias/viento.knots.ogg	en	knots	detrás de la fuerza del viento, en Canarias
torre-canarias	torre-canarias/viento.calm.ogg	en	calm	sin viento: «wind calm», en Canarias
torre-canarias	torre-canarias/viento.variable.ogg	en	variable	viento sin dirección fija, en Canarias
torre-canarias	torre-canarias/trafico.traffic.ogg	en	traffic	información de tráfico: empieza así, en Canarias
torre-canarias	torre-canarias/trafico.hora.1.ogg	en	one o'clock	dónde está el otro, en la hora del reloj, en Canarias
torre-canarias	torre-canarias/trafico.hora.2.ogg	en	two o'clock	dónde está el otro, en la hora del reloj, en Canarias
torre-canarias	torre-canarias/trafico.hora.3.ogg	en	three o'clock	dónde está el otro, en la hora del reloj, en Canarias
torre-canarias	torre-canarias/trafico.hora.4.ogg	en	four o'clock	dónde está el otro, en la hora del reloj, en Canarias
torre-canarias	torre-canarias/trafico.hora.5.ogg	en	five o'clock	dónde está el otro, en la hora del reloj, en Canarias
torre-canarias	torre-canarias/trafico.hora.6.ogg	en	six o'clock	dónde está el otro, en la hora del reloj, en Canarias
torre-canarias	torre-canarias/trafico.hora.7.ogg	en	seven o'clock	dónde está el otro, en la hora del reloj, en Canarias
torre-canarias	torre-canarias/trafico.hora.8.ogg	en	eight o'clock	dónde está el otro, en la hora del reloj, en Canarias
torre-canarias	torre-canarias/trafico.hora.9.ogg	en	nine o'clock	dónde está el otro, en la hora del reloj, en Canarias
torre-canarias	torre-canarias/trafico.hora.10.ogg	en	ten o'clock	dónde está el otro, en la hora del reloj, en Canarias
torre-canarias	torre-canarias/trafico.hora.11.ogg	en	eleven o'clock	dónde está el otro, en la hora del reloj, en Canarias
torre-canarias	torre-canarias/trafico.hora.12.ogg	en	twelve o'clock	dónde está el otro, en la hora del reloj, en Canarias
torre-canarias	torre-canarias/trafico.millas.1.ogg	en	one mile	a qué distancia, en Canarias
torre-canarias	torre-canarias/trafico.millas.2.ogg	en	two miles	a qué distancia, en Canarias
torre-canarias	torre-canarias/trafico.millas.3.ogg	en	three miles	a qué distancia, en Canarias
torre-canarias	torre-canarias/trafico.millas.4.ogg	en	four miles	a qué distancia, en Canarias
torre-canarias	torre-canarias/trafico.millas.5.ogg	en	five miles	a qué distancia, en Canarias
torre-canarias	torre-canarias/trafico.millas.6.ogg	en	six miles	a qué distancia, en Canarias
torre-canarias	torre-canarias/trafico.pies.3.ogg	en	three hundred feet	cuánto más alto o más bajo, en Canarias
torre-canarias	torre-canarias/trafico.pies.4.ogg	en	four hundred feet	cuánto más alto o más bajo, en Canarias
torre-canarias	torre-canarias/trafico.pies.5.ogg	en	five hundred feet	cuánto más alto o más bajo, en Canarias
torre-canarias	torre-canarias/trafico.pies.6.ogg	en	six hundred feet	cuánto más alto o más bajo, en Canarias
torre-canarias	torre-canarias/trafico.pies.7.ogg	en	seven hundred feet	cuánto más alto o más bajo, en Canarias
torre-canarias	torre-canarias/trafico.pies.8.ogg	en	eight hundred feet	cuánto más alto o más bajo, en Canarias
torre-canarias	torre-canarias/trafico.pies.9.ogg	en	niner hundred feet	cuánto más alto o más bajo, en Canarias
torre-canarias	torre-canarias/trafico.pies.10.ogg	en	one thousand feet	cuánto más alto o más bajo, en Canarias
torre-canarias	torre-canarias/trafico.pies.11.ogg	en	one thousand one hundred feet	cuánto más alto o más bajo, en Canarias
torre-canarias	torre-canarias/trafico.pies.12.ogg	en	one thousand two hundred feet	cuánto más alto o más bajo, en Canarias
torre-canarias	torre-canarias/trafico.above.ogg	en	above	va por encima, en Canarias
torre-canarias	torre-canarias/trafico.below.ogg	en	below	va por debajo, en Canarias
torre-canarias	torre-canarias/trafico.sameLevel.ogg	en	same level	va a tu misma altura, en Canarias
torre-canarias	torre-canarias/altura.nivel.ogg	en	flight level	delante de las tres cifras de un nivel, en Canarias
torre-canarias	torre-canarias/altura.pies.2.ogg	en	two thousand feet	una altitud por debajo de la transición, en Canarias
torre-canarias	torre-canarias/altura.pies.3.ogg	en	three thousand feet	una altitud por debajo de la transición, en Canarias
torre-canarias	torre-canarias/altura.pies.4.ogg	en	four thousand feet	una altitud por debajo de la transición, en Canarias
torre-canarias	torre-canarias/altura.pies.5.ogg	en	five thousand feet	una altitud por debajo de la transición, en Canarias
torre-canarias	torre-canarias/altura.pies.6.ogg	en	six thousand feet	una altitud por debajo de la transición, en Canarias
comandante	comandante/comandante.minutos.2.ogg	es-PY	Vamos a aterrizar en unos dos minutos.	cuánto falta para aterrizar, al empezar a bajar
comandante	comandante/comandante.minutos.3.ogg	es-PY	Vamos a aterrizar en unos tres minutos.	cuánto falta para aterrizar, al empezar a bajar
comandante	comandante/comandante.minutos.4.ogg	es-PY	Vamos a aterrizar en unos cuatro minutos.	cuánto falta para aterrizar, al empezar a bajar
comandante	comandante/comandante.minutos.5.ogg	es-PY	Vamos a aterrizar en unos cinco minutos.	cuánto falta para aterrizar, al empezar a bajar
comandante	comandante/comandante.minutos.10.ogg	es-PY	Vamos a aterrizar en unos diez minutos.	cuánto falta para aterrizar, al empezar a bajar
comandante	comandante/comandante.minutos.15.ogg	es-PY	Vamos a aterrizar en unos quince minutos.	cuánto falta para aterrizar, al empezar a bajar
comandante	comandante/comandante.minutos.20.ogg	es-PY	Vamos a aterrizar en unos veinte minutos.	cuánto falta para aterrizar, al empezar a bajar
comandante	comandante/comandante.minutos.25.ogg	es-PY	Vamos a aterrizar en unos veinticinco minutos.	cuánto falta para aterrizar, al empezar a bajar
comandante	comandante/comandante.minutos.30.ogg	es-PY	Vamos a aterrizar en unos treinta minutos.	cuánto falta para aterrizar, al empezar a bajar
comandante	comandante/comandante.minutos.35.ogg	es-PY	Vamos a aterrizar en unos treinta y cinco minutos.	cuánto falta para aterrizar, al empezar a bajar
comandante	comandante/comandante.minutos.40.ogg	es-PY	Vamos a aterrizar en unos cuarenta minutos.	cuánto falta para aterrizar, al empezar a bajar
comandante	comandante/comandante.minutos.45.ogg	es-PY	Vamos a aterrizar en unos cuarenta y cinco minutos.	cuánto falta para aterrizar, al empezar a bajar
comandante	comandante/comandante.minutos.50.ogg	es-PY	Vamos a aterrizar en unos cincuenta minutos.	cuánto falta para aterrizar, al empezar a bajar
comandante	comandante/comandante.minutos.55.ogg	es-PY	Vamos a aterrizar en unos cincuenta y cinco minutos.	cuánto falta para aterrizar, al empezar a bajar
comandante	comandante/comandante.minutos.60.ogg	es-PY	Vamos a aterrizar en unos sesenta minutos.	cuánto falta para aterrizar, al empezar a bajar
comandante	comandante/comandante.minutos.0.ogg	es-PY	Vamos a aterrizar en unos cero minutos.	cuánto falta para aterrizar, al empezar a bajar
comandante	comandante/comandante.previsto.vuelo.2.ogg	es-PY	El vuelo va a durar unos dos minutos.	cuánto dura el vuelo, detrás de la bienvenida
comandante	comandante/comandante.previsto.vuelo.3.ogg	es-PY	El vuelo va a durar unos tres minutos.	cuánto dura el vuelo, detrás de la bienvenida
comandante	comandante/comandante.previsto.vuelo.4.ogg	es-PY	El vuelo va a durar unos cuatro minutos.	cuánto dura el vuelo, detrás de la bienvenida
comandante	comandante/comandante.previsto.vuelo.5.ogg	es-PY	El vuelo va a durar unos cinco minutos.	cuánto dura el vuelo, detrás de la bienvenida
comandante	comandante/comandante.previsto.vuelo.10.ogg	es-PY	El vuelo va a durar unos diez minutos.	cuánto dura el vuelo, detrás de la bienvenida
comandante	comandante/comandante.previsto.vuelo.15.ogg	es-PY	El vuelo va a durar unos quince minutos.	cuánto dura el vuelo, detrás de la bienvenida
comandante	comandante/comandante.previsto.vuelo.20.ogg	es-PY	El vuelo va a durar unos veinte minutos.	cuánto dura el vuelo, detrás de la bienvenida
comandante	comandante/comandante.previsto.vuelo.25.ogg	es-PY	El vuelo va a durar unos veinticinco minutos.	cuánto dura el vuelo, detrás de la bienvenida
comandante	comandante/comandante.previsto.vuelo.30.ogg	es-PY	El vuelo va a durar unos treinta minutos.	cuánto dura el vuelo, detrás de la bienvenida
comandante	comandante/comandante.previsto.vuelo.35.ogg	es-PY	El vuelo va a durar unos treinta y cinco minutos.	cuánto dura el vuelo, detrás de la bienvenida
comandante	comandante/comandante.previsto.vuelo.40.ogg	es-PY	El vuelo va a durar unos cuarenta minutos.	cuánto dura el vuelo, detrás de la bienvenida
comandante	comandante/comandante.previsto.vuelo.45.ogg	es-PY	El vuelo va a durar unos cuarenta y cinco minutos.	cuánto dura el vuelo, detrás de la bienvenida
comandante	comandante/comandante.previsto.vuelo.50.ogg	es-PY	El vuelo va a durar unos cincuenta minutos.	cuánto dura el vuelo, detrás de la bienvenida
comandante	comandante/comandante.previsto.vuelo.55.ogg	es-PY	El vuelo va a durar unos cincuenta y cinco minutos.	cuánto dura el vuelo, detrás de la bienvenida
comandante	comandante/comandante.previsto.vuelo.60.ogg	es-PY	El vuelo va a durar unos sesenta minutos.	cuánto dura el vuelo, detrás de la bienvenida
comandante	comandante/comandante.previsto.vuelo.0.ogg	es-PY	El vuelo va a durar unos cero minutos.	cuánto dura el vuelo, detrás de la bienvenida
comandante	comandante/comandante.previsto.nivel.5.ogg	es-PY	Vamos a volar a cinco mil pies.	a qué altura se va, detrás de la bienvenida
comandante	comandante/comandante.previsto.nivel.6.ogg	es-PY	Vamos a volar a seis mil pies.	a qué altura se va, detrás de la bienvenida
comandante	comandante/comandante.previsto.nivel.7.ogg	es-PY	Vamos a volar a siete mil pies.	a qué altura se va, detrás de la bienvenida
comandante	comandante/comandante.previsto.nivel.8.ogg	es-PY	Vamos a volar a ocho mil pies.	a qué altura se va, detrás de la bienvenida
comandante	comandante/comandante.previsto.nivel.9.ogg	es-PY	Vamos a volar a nueve mil pies.	a qué altura se va, detrás de la bienvenida
comandante	comandante/comandante.previsto.nivel.10.ogg	es-PY	Vamos a volar a diez mil pies.	a qué altura se va, detrás de la bienvenida
comandante	comandante/comandante.previsto.nivel.11.ogg	es-PY	Vamos a volar a once mil pies.	a qué altura se va, detrás de la bienvenida
comandante	comandante/comandante.previsto.nivel.12.ogg	es-PY	Vamos a volar a doce mil pies.	a qué altura se va, detrás de la bienvenida
comandante	comandante/comandante.previsto.nivel.13.ogg	es-PY	Vamos a volar a trece mil pies.	a qué altura se va, detrás de la bienvenida
comandante	comandante/comandante.previsto.nivel.14.ogg	es-PY	Vamos a volar a catorce mil pies.	a qué altura se va, detrás de la bienvenida
comandante	comandante/comandante.previsto.nivel.15.ogg	es-PY	Vamos a volar a quince mil pies.	a qué altura se va, detrás de la bienvenida
comandante	comandante/comandante.previsto.nivel.16.ogg	es-PY	Vamos a volar a dieciséis mil pies.	a qué altura se va, detrás de la bienvenida
comandante	comandante/comandante.previsto.nivel.17.ogg	es-PY	Vamos a volar a diecisiete mil pies.	a qué altura se va, detrás de la bienvenida
comandante	comandante/comandante.previsto.nivel.18.ogg	es-PY	Vamos a volar a dieciocho mil pies.	a qué altura se va, detrás de la bienvenida
comandante	comandante/comandante.previsto.nivel.19.ogg	es-PY	Vamos a volar a diecinueve mil pies.	a qué altura se va, detrás de la bienvenida
comandante	comandante/comandante.previsto.nivel.20.ogg	es-PY	Vamos a volar a veinte mil pies.	a qué altura se va, detrás de la bienvenida
comandante	comandante/comandante.previsto.nivel.21.ogg	es-PY	Vamos a volar a veintiún mil pies.	a qué altura se va, detrás de la bienvenida
comandante	comandante/comandante.previsto.nivel.22.ogg	es-PY	Vamos a volar a veintidós mil pies.	a qué altura se va, detrás de la bienvenida
comandante	comandante/comandante.previsto.nivel.23.ogg	es-PY	Vamos a volar a veintitrés mil pies.	a qué altura se va, detrás de la bienvenida
comandante	comandante/comandante.previsto.nivel.24.ogg	es-PY	Vamos a volar a veinticuatro mil pies.	a qué altura se va, detrás de la bienvenida
comandante	comandante/comandante.previsto.nivel.25.ogg	es-PY	Vamos a volar a veinticinco mil pies.	a qué altura se va, detrás de la bienvenida
comandante	comandante/comandante.previsto.nivel.26.ogg	es-PY	Vamos a volar a veintiséis mil pies.	a qué altura se va, detrás de la bienvenida
comandante	comandante/comandante.previsto.nivel.27.ogg	es-PY	Vamos a volar a veintisiete mil pies.	a qué altura se va, detrás de la bienvenida
comandante	comandante/comandante.previsto.nivel.28.ogg	es-PY	Vamos a volar a veintiocho mil pies.	a qué altura se va, detrás de la bienvenida
comandante	comandante/comandante.previsto.nivel.29.ogg	es-PY	Vamos a volar a veintinueve mil pies.	a qué altura se va, detrás de la bienvenida
comandante	comandante/comandante.temperatura.0.ogg	es-PY	La temperatura es de cero grados.	la temperatura del destino, al empezar a bajar
comandante	comandante/comandante.temperatura.1.ogg	es-PY	La temperatura es de un grado.	la temperatura del destino, al empezar a bajar
comandante	comandante/comandante.temperatura.2.ogg	es-PY	La temperatura es de dos grados.	la temperatura del destino, al empezar a bajar
comandante	comandante/comandante.temperatura.3.ogg	es-PY	La temperatura es de tres grados.	la temperatura del destino, al empezar a bajar
comandante	comandante/comandante.temperatura.4.ogg	es-PY	La temperatura es de cuatro grados.	la temperatura del destino, al empezar a bajar
comandante	comandante/comandante.temperatura.5.ogg	es-PY	La temperatura es de cinco grados.	la temperatura del destino, al empezar a bajar
comandante	comandante/comandante.temperatura.6.ogg	es-PY	La temperatura es de seis grados.	la temperatura del destino, al empezar a bajar
comandante	comandante/comandante.temperatura.7.ogg	es-PY	La temperatura es de siete grados.	la temperatura del destino, al empezar a bajar
comandante	comandante/comandante.temperatura.8.ogg	es-PY	La temperatura es de ocho grados.	la temperatura del destino, al empezar a bajar
comandante	comandante/comandante.temperatura.9.ogg	es-PY	La temperatura es de nueve grados.	la temperatura del destino, al empezar a bajar
comandante	comandante/comandante.temperatura.10.ogg	es-PY	La temperatura es de diez grados.	la temperatura del destino, al empezar a bajar
comandante	comandante/comandante.temperatura.11.ogg	es-PY	La temperatura es de once grados.	la temperatura del destino, al empezar a bajar
comandante	comandante/comandante.temperatura.12.ogg	es-PY	La temperatura es de doce grados.	la temperatura del destino, al empezar a bajar
comandante	comandante/comandante.temperatura.13.ogg	es-PY	La temperatura es de trece grados.	la temperatura del destino, al empezar a bajar
comandante	comandante/comandante.temperatura.14.ogg	es-PY	La temperatura es de catorce grados.	la temperatura del destino, al empezar a bajar
comandante	comandante/comandante.temperatura.15.ogg	es-PY	La temperatura es de quince grados.	la temperatura del destino, al empezar a bajar
comandante	comandante/comandante.temperatura.16.ogg	es-PY	La temperatura es de dieciséis grados.	la temperatura del destino, al empezar a bajar
comandante	comandante/comandante.temperatura.17.ogg	es-PY	La temperatura es de diecisiete grados.	la temperatura del destino, al empezar a bajar
comandante	comandante/comandante.temperatura.18.ogg	es-PY	La temperatura es de dieciocho grados.	la temperatura del destino, al empezar a bajar
comandante	comandante/comandante.temperatura.19.ogg	es-PY	La temperatura es de diecinueve grados.	la temperatura del destino, al empezar a bajar
comandante	comandante/comandante.temperatura.20.ogg	es-PY	La temperatura es de veinte grados.	la temperatura del destino, al empezar a bajar
comandante	comandante/comandante.temperatura.21.ogg	es-PY	La temperatura es de veintiún grados.	la temperatura del destino, al empezar a bajar
comandante	comandante/comandante.temperatura.22.ogg	es-PY	La temperatura es de veintidós grados.	la temperatura del destino, al empezar a bajar
comandante	comandante/comandante.temperatura.23.ogg	es-PY	La temperatura es de veintitrés grados.	la temperatura del destino, al empezar a bajar
comandante	comandante/comandante.temperatura.24.ogg	es-PY	La temperatura es de veinticuatro grados.	la temperatura del destino, al empezar a bajar
comandante	comandante/comandante.temperatura.25.ogg	es-PY	La temperatura es de veinticinco grados.	la temperatura del destino, al empezar a bajar
comandante	comandante/comandante.temperatura.26.ogg	es-PY	La temperatura es de veintiséis grados.	la temperatura del destino, al empezar a bajar
comandante	comandante/comandante.temperatura.27.ogg	es-PY	La temperatura es de veintisiete grados.	la temperatura del destino, al empezar a bajar
comandante	comandante/comandante.temperatura.28.ogg	es-PY	La temperatura es de veintiocho grados.	la temperatura del destino, al empezar a bajar
comandante	comandante/comandante.temperatura.29.ogg	es-PY	La temperatura es de veintinueve grados.	la temperatura del destino, al empezar a bajar
comandante	comandante/comandante.temperatura.30.ogg	es-PY	La temperatura es de treinta grados.	la temperatura del destino, al empezar a bajar
comandante	comandante/comandante.temperatura.31.ogg	es-PY	La temperatura es de treinta y un grado.	la temperatura del destino, al empezar a bajar
comandante	comandante/comandante.temperatura.32.ogg	es-PY	La temperatura es de treinta y dos grados.	la temperatura del destino, al empezar a bajar
comandante	comandante/comandante.temperatura.33.ogg	es-PY	La temperatura es de treinta y tres grados.	la temperatura del destino, al empezar a bajar
comandante	comandante/comandante.temperatura.34.ogg	es-PY	La temperatura es de treinta y cuatro grados.	la temperatura del destino, al empezar a bajar
comandante	comandante/comandante.temperatura.35.ogg	es-PY	La temperatura es de treinta y cinco grados.	la temperatura del destino, al empezar a bajar
comandante	comandante/comandante.temperatura.36.ogg	es-PY	La temperatura es de treinta y seis grados.	la temperatura del destino, al empezar a bajar
comandante	comandante/comandante.temperatura.37.ogg	es-PY	La temperatura es de treinta y siete grados.	la temperatura del destino, al empezar a bajar
comandante	comandante/comandante.temperatura.38.ogg	es-PY	La temperatura es de treinta y ocho grados.	la temperatura del destino, al empezar a bajar
comandante	comandante/comandante.temperatura.39.ogg	es-PY	La temperatura es de treinta y nueve grados.	la temperatura del destino, al empezar a bajar
comandante	comandante/comandante.temperatura.40.ogg	es-PY	La temperatura es de cuarenta grados.	la temperatura del destino, al empezar a bajar
comandante	comandante/comandante.temperatura.41.ogg	es-PY	La temperatura es de cuarenta y un grado.	la temperatura del destino, al empezar a bajar
comandante	comandante/comandante.temperatura.42.ogg	es-PY	La temperatura es de cuarenta y dos grados.	la temperatura del destino, al empezar a bajar
comandante	comandante/comandante.temperatura.43.ogg	es-PY	La temperatura es de cuarenta y tres grados.	la temperatura del destino, al empezar a bajar
comandante	comandante/comandante.temperatura.44.ogg	es-PY	La temperatura es de cuarenta y cuatro grados.	la temperatura del destino, al empezar a bajar
comandante	comandante/comandante.temperatura.45.ogg	es-PY	La temperatura es de cuarenta y cinco grados.	la temperatura del destino, al empezar a bajar
comandante	comandante/comandante.temperatura.menos1.ogg	es-PY	La temperatura es de un grado bajo cero.	la temperatura del destino, bajo cero
comandante	comandante/comandante.temperatura.menos2.ogg	es-PY	La temperatura es de dos grados bajo cero.	la temperatura del destino, bajo cero
comandante	comandante/comandante.temperatura.menos3.ogg	es-PY	La temperatura es de tres grados bajo cero.	la temperatura del destino, bajo cero
comandante	comandante/comandante.temperatura.menos4.ogg	es-PY	La temperatura es de cuatro grados bajo cero.	la temperatura del destino, bajo cero
comandante	comandante/comandante.temperatura.menos5.ogg	es-PY	La temperatura es de cinco grados bajo cero.	la temperatura del destino, bajo cero
torre	torre/torre.solo.subir.2.ogg	es	ascienda a dos mil pies	la altura que autoriza el control, en pies por debajo de la transición
torre	torre/torre.solo.subir.3.ogg	es	ascienda a tres mil pies	la altura que autoriza el control, en pies por debajo de la transición
torre-canarias	torre-canarias/torre.canario.solo.subir.2.ogg	es	suba a dos mil pies	la altura que autoriza el control, en pies por debajo de la transición
torre-canarias	torre-canarias/torre.canario.solo.subir.3.ogg	es	suba a tres mil pies	la altura que autoriza el control, en pies por debajo de la transición
torre-canarias	torre-canarias/torre.canario.solo.subir.4.ogg	es	suba a cuatro mil pies	la altura que autoriza el control, en pies por debajo de la transición
torre-canarias	torre-canarias/torre.canario.solo.subir.5.ogg	es	suba a cinco mil pies	la altura que autoriza el control, en pies por debajo de la transición
torre-canarias	torre-canarias/torre.canario.solo.subir.6.ogg	es	suba a seis mil pies	la altura que autoriza el control, en pies por debajo de la transición
instructor	instructor/hud.landedShort.ogg	es-PY	Bajaste antes de la barra blanca: las flechas son para rodar y despegar	se dice en src/game.ts
instructor	instructor/gafas.ganadas.ogg	es-PY	¡Tus gafas de sol!	se dice en src/game.ts
